Link,title,location,company,salary,summary,upload
https://kr.indeed.com/viewjob?jk=2642a83874ea6bab,"영상처리, 컴퓨터 비전 전문가 (신입/경력)",성남 수정구,에바,"연봉 30,000,000원 - 35,000,000원","인원 [담당업무] Python, C++, MFC, C를 이용하여 - OpenCV 로 Visual SLAM 개발- MFC, Python을 이용하여 GUI... 통신·모바일·게임>응용프로그래머> Python|인터넷·IT·통신·모바일·게임...",Posted14일 전
https://kr.indeed.com/viewjob?jk=0e25160b5a1d095f,[유통 대기업] Business Analyst(비지니스분석가) 과차장급,서울,에이치알니즈,,"이터 컨설팅 또는 비즈니스 컨설팅 경력 5년 이상 보유 -SQL, R, Python 중 1개 이상의 분석 도구 활용 경험 보유 -비지니스에 대한 문제... 게임>빅데이터·AI(인공지능)> Python|인터넷·IT·통신·모바일·게임...",Posted30+일 전
https://kr.indeed.com/viewjob?jk=155996bae21250a5,"[Robotics] Robotics Software Engineer, Sensor System",서울,네이버,,"기술 분야의 학사 이상 학위 ㅇ 로봇 센서 시스템 디자인 혹은 센서 처리 모듈 개발 및 최적화 경험 ㅇ Python/C++ 활용 능숙 ㅇ ROS/ROS2를 활용한 개발 경험 ㅇ Ultrasonic, 2D/3D camera...",Posted30+일 전
https://kr.indeed.com/viewjob?jk=b6d169aa029a45a6,[강남/스타트업] 에이스랩 자율주행 엔지니어,서울 강남구,에이스랩,,"공학 등 관련학사혹은 상응하는 지식- 프로그래밍 능력 (C/C++, python, etc)자세한 업무 및 자격 요건은 자사 홈페이지에서 확인 00 명... 통신·모바일·게임>응용프로그래머> Python|인터넷·IT·통신·모바일·게임...",Posted30+일 전
https://kr.indeed.com/viewjob?jk=ae8564b6a7e63ad2,"시스템개발자(JAVA, JSP, MySQL)",서울 용산구,스피치로그,,"전자정부표준프레임워크), Java, jsp, jQuery, tiles, MyBatis, MySQL 등 Python - 크롤러 개발[자격요건]- 경력 : 4년 이상(대리, 과장급)- 학력 : 4년제 졸업[우대사항]- 전산학...",Posted3일 전
https://kr.indeed.com/viewjob?jk=a564ef713dce7f26,Sr. Network Engineer,서울,Harman International,,"certifications Programming experience... Go, C/C++, Python, or other languages desirable Implementation experience...",Posted7일 전
https://kr.indeed.com/viewjob?jk=891485cc2a8e6779,인공지능 솔루션 (AI Solution) 개발,서울 서초구,카이어,,Detection 등) 개발 경험• Python Library 사용 경험... 그래머>머신러닝(ML)|인터넷·IT·통신·모바일·게임>응용프로그래머> Python|인터넷·IT·통신·모바일·게임>빅데이터·AI(인공지능)>인공지능(AI...,Posted22일 전
https://kr.indeed.com/viewjob?jk=8111c2d5817c3e0e,인공지능 (AI) 딥러닝 연구 개발자,서울 마포구,에스알유니버스,"연봉 30,000,000원 - 35,000,000원","초지식 및 경험자3. Python 및 Tensorflow, Pytorch, linux 사용 경험자4. Numpy, Pandas, librosa, ffmpeg, Dlib, OpenCV (for Python) 관련 경험 존재 5...",Posted24일 전
https://kr.indeed.com/viewjob?jk=f384026e8fdd4b35,솔루션(웹/서버/통신) 프로그램 개발,서울 중구,잇팩,,인터넷·IT·통신·모바일·게임>웹프로그래머>백엔드|인터넷·IT·통신·모바일·게임>웹프로그래머>프론트엔드|인터넷·IT·통신·모바일·게임>웹프로그래머> Python|인터넷·IT·통신·모바일·게임>빅데이터·AI(인공지능)>음성인식,Posted30+일 전
https://kr.indeed.com/viewjob?jk=f42242989b39b5e1,자동차 전장 ADAS SW 분야 전문가,서울 강서구,LG전자,,multi-view geometry - 중급 이상 C/C++/ Python 개발 및 computer vision관련 tool 활용 가능... 트롤 - 중급 이상 C/C++/ Python/MATLAB 및 computer...,Posted3일 전
https://kr.indeed.com/viewjob?jk=ab58a5f77dd9c9c8,[NAVER Cloud] 빅데이터 분석 플랫폼 개발,성남 분당구,네이버클라우드,,빅데이터|인터넷·IT·통신·모바일·게임>빅데이터·AI(인공지능)> Python|인터넷·IT·통신·모바일·게임>ERP·시스템분석·설계>빅데이터|인터넷... 로그래머>JAVA|인터넷·IT·통신·모바일·게임>응용프로그래머> Python,Posted27일 전
https://kr.indeed.com/viewjob?jk=88081c9ac030e577,데이터 엔지니어,서울 서초구,당근마켓,,높고 확장 가능한 데이터 아키텍처를 설계해요 이런 분을 찾고 있어요 Python / Java / Scala / Kotlin / Go 등 최소한 하나... 통신·모바일·게임>응용프로그래머> Python|인터넷·IT·통신·모바일·게임...,Posted30+일 전
https://kr.indeed.com/viewjob?jk=abcbb3282b50f027,Korea - Enterprise Data & Analytics Engineering Manager,서울,Nike,,"engineers with Python, Spark and SQL... Apache NiFi) •Demonstrated competence in Python, Spark... SQL •Proven expertise...",Posted30+일 전
https://kr.indeed.com/viewjob?jk=bf4c86903450dee0,소프트웨어 개발자 (WebRTC UC & Collaboration Frontend & Backend Deve...,서울,Ericsson,,"Node.js, React.js, React-native, Python Preferred domain experience: Public Cloud... js, React-native, Python 선호 기술 분야: 퍼블릭 클라...",Posted13일 전
https://kr.indeed.com/viewjob?jk=d83fc0dd2641f483,전문연구요원 (병역특례) 수시 (AI / SW 분야),성남 분당구,딥엑스,"연봉 40,000,000원 - 100,000,000원",요구 능력] - ASM/C/C++/ Python 언어 코딩 기술 - 운영체제... 경험 - Windows/Linux 상에서 C++/ Python 언어 사용 개발 경험 - C++ / Python 언어 사용 개발 경험 - 객체지향 설계에...,Posted30+일 전
https://kr.indeed.com/viewjob?jk=3f1dd5ba441be16c,[TmaxEdu/R&D] 연구 개발자(2022년 상반기 신입 공채(Frontier 8기) 및 경력직),성남 분당구,티맥스소프트,,"CSS, JavaScript, TypeScript [Server 개발(사용 언어)] - Java, Python, SQL [Framework(사용 언어)] - React.js, Spring [입사 지원 시 참고 사항...",Posted8일 전
https://kr.indeed.com/viewjob?jk=5845bda17d17b7cf,PDM사업 경력사원 채용,서울,한화그룹,,"Net, Node.js, Python 중 한개 이상 개발 경험 [우대요건... 개발 알고리즘의 프로그래밍화 역량 Python, R 등 분석 툴을 사용한 분석 프로그램 개발 경험 ( Python 우대) 솔루션 또는 플랫폼 개발...",Posted4일 전
https://kr.indeed.com/viewjob?jk=aa2836bca0adca28,Business Analyst,서울,Numerix,,"engineering related research. • Broad working knowledge of Python, Excel (inc. automation skills), Relational DBs, SQL...",Posted15일 전
https://kr.indeed.com/viewjob?jk=b4a7ac21faba2e67,검색 인프라 엔지니어,서울 서초구,당근마켓,,"분을 찾고 있어요 널리 쓰이는 프로그래밍 언어(Golang, java, python, c++, javascript 등) 한 가지 이상에 능숙하신 분... 통신·모바일·게임>응용프로그래머> Python|인터넷·IT·통신·모바일·게임...",Posted30일 전
https://kr.indeed.com/viewjob?jk=3e1b8e1243910f18,eBeam System Engineer for R&D Extension Korea,경기도 화성,Applied Materials Inc.,,"organizations Capability & programing experience with MATLAB, Python, etc. Qualifications Education: Bachelor's Degree...",Posted30+일 전
https://kr.indeed.com/viewjob?jk=9b63b5f993896a6b,Product Engineer - MPC/MDP/MDM,경기도 성남,Siemens Electronic Design Automation (Korea) LLC,,"experience... following: EDA with emphasis on semi OPC; C/C++, Python, TCL, MATLAB or any high-level programming language...",Posted15일 전
https://kr.indeed.com/viewjob?jk=fc037709d0770796,System SW 엔지니어,성남 분당구,딥엑스,"연봉 40,000,000원 - 100,000,000원",사항: 대학교(4년)졸업 이상 [기본 요구능력] - ASM/C/C++/ Python 언어 코딩 기술 - 운영체제 SW 설계 및 구현 - 알고리즘/네트워... 게임>빅데이터·AI(인공지능)> Python|인터넷·IT·통신·모바일·게임...,Posted30+일 전
https://kr.indeed.com/viewjob?jk=a692f83229bd339f,Datacenter Engineer,서울,Oracle,,"Base Operating System Install • Some experience with Perl, Python, Bash or Java • Core OS Services: ssh, telnet, ftp, nfs...",Posted30+일 전
https://kr.indeed.com/viewjob?jk=031eec3794f09645,데이터 서비스/플랫폼 개발,성남 판교역,NHN,,"데이터 수집, 처리 및 지표 분석 경험 - 데이터 기반의 문제해결 역량 및 논리적 사고 - Java, Python, Scala 중 최소 1가지 언어를 이용한 데이터 분석 및 소프트웨어 개발 역량 - 통계분석, ML/AI...",Posted30+일 전
https://kr.indeed.com/viewjob?jk=ec5c7ccd76639120,[외국계 스타트업 미소] Data Analyst,서울,유한회사 미소,,통신·모바일·게임>빅데이터·AI(인공지능)>데이터분석|인터넷·IT·통신·모바일·게임>빅데이터·AI(인공지능)> Python|인터넷·IT·통신·모바일·게임>데이터베이스·DBA>MySQL|인터넷·IT·통신·모바일·게임>데이터베이스...,Posted30+일 전
https://kr.indeed.com/viewjob?jk=88a59364cd7a0fa1,Support Engineer-PaaS Dev,서울,Microsoft,,"Java, Node, Python, PHP and Ruby, .NET... Linux, NGNIX, Apache, Java, Node, Python, PHP and Ruby • Experience with customer...",Posted30+일 전
https://kr.indeed.com/viewjob?jk=3ced56cc00e72154,소프트웨어개발 경력무관 (정규직),서울 성동구,보다텍,"월급 2,000,000원","우대사항 ㆍOpenCV, TensorFlow 경험 보유 ㆍ데이터 가공 및 분석 경험보유 필수요건 ㆍC++, Python 중 하나 이상 사용 가능한 자 ㆍ영상처리, Vision 관련 머신 러닝, 딥러닝 기술경험자 [근무시간 및...",Posted1일 전
https://kr.indeed.com/viewjob?jk=e67716c26d372980,TeraVM Field Applications Engineer,서울,Viavi Solutions,,"Hands on experience in using Linux scripting languages ( Python, Perl, tshark, etc) Experience in working with Virtualisation...",Posted16일 전
https://kr.indeed.com/viewjob?jk=e658236007117d98,Junior Business Analyst (Non-tech),서울,Coupang,,"의와 체계적 사고체계를 갖추신 분 [우대 조건] 이커머스, 리테일, 물류 관련 도메인 경험을 보유하신 분 Python, R 등 기타 프로그램 언어 사용 경험을 보유하신 분 한국어 및 영어 모두 능숙한 커뮤니케이션이 가능하...",Posted30+일 전
https://kr.indeed.com/viewjob?jk=87e6d02f116aab21,"[입사축하금100만원, 전문연구요원] 데이터사이언티스트 / 영상인식 개발자",서울 금천구,카비,,"문제 해결 경험 보유자ㆍSQL, Python, R 등 통계/분석 프로그램... 빅데이터·AI(인공지능)> Python|인터넷·IT·통신·모바일·게임>응용프로그래머>C·C++|인터넷·IT·통신·모바일·게임>응용프로그래머> Python",Posted30+일 전
https://kr.indeed.com/viewjob?jk=14e834e10cf0292f,Developer - Cloud Infrastructure,서울,SAP,,Your tasks will include developing a python based scalable job execution platform... development with Python Experience...,Posted4일 전
https://kr.indeed.com/viewjob?jk=fbbb4f2637c9bbe9,컴퓨터비전 개발자 경력 정규직,서울 성동구,라이트비전,,바일·게임>빅데이터·AI(인공지능)>인공지능(AI)|인터넷·IT·통신·모바일·게임>빅데이터·AI(인공지능)> Python|인터넷·IT·통신·모바일·게임>소프트웨어·하드웨어>소프트웨어|인터넷·IT·통신·모바일·게임>응용프로그래머>C·C++,Posted12일 전
https://kr.indeed.com/viewjob?jk=3b1aacc7e45f068a,농업정책보험금융원 신규직원,서울,농업정책보험금융원,,"통계 패키지*를 활용하여 통계, 응용통계 및 데이터 분석 업무 경력이 1년 이상인 자 * SAS, R, python 등 * 경력증명서(담당업무 혹은 소속부서로 업무 추정이 가능할 경우 소속부서가 명시되어야 함) 제출 전형단계...",Posted7일 전
https://kr.indeed.com/viewjob?jk=78e99625e5de3c95,전문연구요원 (병역특례) 수시 (AI / HW 분야),성남 분당구,딥엑스,"연봉 40,000,000원 - 100,000,000원","모델의 RTL IP 설계 및 IP 검증 가능자 - Language: Python/Perl, C/C++ [우대 조건] - ARM based SoC 설계... Linux, shell, tcl, python, perl 사용 원활...",Posted30+일 전
https://kr.indeed.com/viewjob?jk=f719971f5df4f2d6,딥러닝 영상 SW 개발 (서울 경력/석사),서울 구로구,지오비전,,비디오 영상 기반의 c++/ python SW 개발- 지원 자격컴퓨터 공학 학사 또는 이와 동등한 학위 (경력자의 경우 실무경력 2년 이상)딥러닝 개발 경험 및 관련 지식 보유c/c++/ python 등 1개 이상 언어 사용에...,Posted7일 전
https://kr.indeed.com/viewjob?jk=5fc53d8ce25c05f7,IT 개발 총 책임자,서울 성동구,핀후드,"연봉 90,000,000원 - 100,000,000원",스템접수양식: 인크루트 이력서 기타 유의사항 입사지원서 및 제출서류에 허위사실이 있을 경우 채용이 취소될 수 있습니다. 인터넷·IT·통신·모바일·게임>웹프로그래머>웹개발|인터넷·IT·통신·모바일·게임>웹프로그래머> Python,Posted30+일 전
https://kr.indeed.com/viewjob?jk=e37ba9dca2e4da16,[DI팀] 기계학습 Engineer (개인화 및 추천),서울 강남구,야놀자,,용프로그래머> Python|인터넷·IT·통신·모바일·게임>응용프로그래머>JAVA|인터넷·IT·통신·모바일·게임>응용프로그래머>머신러닝(ML)|인터넷·IT·통신·모바일·게임>빅데이터·AI(인공지능)> Python|인터넷·IT·통신...,Posted11일 전
https://kr.indeed.com/viewjob?jk=f21952a2d7a0bfd8,"[Robotics] Robotics Software Engineer, Navigation",서울,네이버,,"요역량 ㅇ 컴퓨터 공학, 로봇 공학, 전자 공학 등 관련 기술 분야 석사 이상 학위 또는 3년 이상의 경력 ㅇ Python 혹은 C++ 언어의 능숙한 활용 ㅇ ROS/ROS2 혹은 유사한 framework를 활용한 robot...",Posted30+일 전
https://kr.indeed.com/viewjob?jk=a89f5e3486cccd04,[TmaxAI/R&D] NLP(자연어음성)부문 서비스 프론트 & 백엔드 개발자(2022년 상반기 신입 공채(...,성남 분당구,티맥스소프트,,"개발 경험이 있으신 분 [음성, 자연어처리] - 관련 분야의 연구 경험 / 기본 지식 보유자 - 기본적인 Python 프로그래밍이 가능하신 분 우대사항 [프론트] - UX 기획 및 개발 유경험자 - react 개발 유경험자...",Posted8일 전
https://kr.indeed.com/viewjob?jk=e91b5984e7f5d3fd,"데이터베이스개발자, 웹개발 신입/경력 정규직",서울 영등포구,여의도사람들,"연봉 36,000,000원 - 60,000,000원","개발자 ㆍCss/html 등 웹디자인 관련 유경험자 ㆍ자바스크립트, Python, C++, 닷넷 등 ㆍNode, Selenium, electron... 관련 유경험자ㆍ자바스크립트, Python, C++, 닷넷 등 ㆍNode...",Posted30+일 전
https://kr.indeed.com/viewjob?jk=1654fcd801c4dca6,DBA,서울,Toss,,분이 필요합니다. # 이런 경험이 있다면 더 좋습니다 - MongoDB 운영 경험이 있으면 더 좋습니다. - Python으로 운영 자동화 스크립트 개발 경험이 있으면 더 좋습니다. # 토스팀으로의 합류 여정 - 서류 접수...,Posted방금 게시됨
https://kr.indeed.com/viewjob?jk=9193b9de45a0ac1c,Embedded Software Engineer - Connected,경기도 성남,GE Appliances,,"skills with C, C++ and other script languages (i.e. python etc..) Strong knowledge... IOT devices communication protocols...",Posted30+일 전
https://kr.indeed.com/viewjob?jk=f54bac6c78fd3240,코딩에 빠진 수퍼 개발자 (펌웨어 개발),성남 수정구,에바,,"학력무관직무기술: 펌웨어(Firmware), Embedded System S/W 개발(판교) c/c++, Python 3 명 근무조건 고용형태: 정규직근무부서: 개발팀급여조건: 연봉 협의 후 결정 전형단계 및 제출서류 전형단...",Posted30+일 전
https://kr.indeed.com/viewjob?jk=c35e9b72a11aa338,[신입/경력] 의료영상/음성인식/생체신호 연구원,서울 서초구,뷰노코리아,,게임>빅데이터·AI(인공지능)>인공지능(AI)|인터넷·IT·통신·모바일·게임>빅데이터·AI(인공지능)>딥러닝|인터넷·IT·통신·모바일·게임>응용프로그래머>C·C++|인터넷·IT·통신·모바일·게임>응용프로그래머> Python,Posted30+일 전
https://kr.indeed.com/viewjob?jk=915b6c68628695d6,AI Research Engineer - Intel Contract,서울,Intel,,"PyTorch, and Caffe - Strong programming skills with C/C++ and Python - Experiences in programming and testing on Linux...",Posted30+일 전
https://kr.indeed.com/viewjob?jk=3b7dbdf85a326a6d,국내 대기업 - AI 및 딥러닝 관련 경력자,서울,라피플코리아리미티드,,"관련 전문 지식 있는 분 - Python 또는 Scala, JAVA 활용... 레임워크 활용 역량 좋은 분- 자연어처리 관련 전문 지식 있는 분- Python 또는 Scala, JAVA 활용 역량- 미디어/커머스/전자/IT 업계...",Posted30+일 전
https://kr.indeed.com/viewjob?jk=00de2b26815d022e,[웹젠] DBA(신입),성남 분당구,웹젠,,로운 기술과 도전을 좋아하는 분 - Data에 대한 관심이 높은 분 - Python 프로그램 경험이 있는 분 • 기타 - 수시채용은 공고 게시 중에도... 에 대한 관심이 높은 분 - Python 프로그램 경험이 있는 분 • 기타...,Posted14일 전
https://kr.indeed.com/viewjob?jk=1e8539a3b6e3380d,[현장코칭](주)대연씨앤아이 웹솔루션 개발 사원 (JAVA/Python),서울 구로구,대연씨앤아이,,"[WEB 개발자] - 컴퓨터, 전산, 시스템공학, 응용소프트웨어고학, 기타 공학, 수학, 통계학 관련 전공 우대 - 정보처리기사, 정보통신기술자경력수첩(초급) 우대 - 이클립스 개발툴 사용 가능자 우대 - 차트 라이브러리...",Posted30+일 전
https://kr.indeed.com/viewjob?jk=2b9e604e63e7e46d,[카카오커머스] 기술직군,성남 분당구,카카오커머스,,"우대사항 - 전자금융 감독규정, PCIDSS에 대한 실무 경험이나 이해도가 높으신 분 - JAVA, Python, shell script 등 개발 역량을 갖추신 분 - 웹/앱 취약점 진단 및 모의해킹 역량을 갖추신...",Posted30+일 전
https://kr.indeed.com/viewjob?jk=19da3484bd7a72f1,Machine Learning R&D 연구원,서울 서초구,카이어,,"가능) ㆍ최신 딥러닝, 기계학습 이론에 대한 이해 및 구현 역량 ㆍ Python, TnsorFlow, C/C++, TensorRT 등 프로그래밍 실무... 대한 이해 및 구현 역량 ㆍ Python, TnsorFlow, C/C++...",Posted30+일 전
https://kr.indeed.com/viewjob?jk=b71a0a39cafc452c,신입 및 경력직원 채용[금융공학연구소],서울 여의도,KIS채권평가,,"전공자 ㆍ금융상품 평가에 대한 이해 및 방법론 개발 역량 ㆍ파생상품 평가모형 프로그래밍 경험 (C/C++, Python 등) ㆍ우대 조건 - 석사학위 이상 소지자 - 리서치 능력 보유자 전형절차 및 일정 서류접수 01...",Posted2일 전
https://kr.indeed.com/viewjob?jk=87985ee884920551,Business Analyst,서울,Numerix Korea Ltd,,"engineering related research. • Broad working knowledge of Python, Excel (inc. automation skills), Relational DBs, SQL...",Posted16일 전
https://kr.indeed.com/viewjob?jk=ae8705206d8ae829,"Lead Software Engineer, Search",서울 강남구,구글코리아,,"field.Experience coding in C++, Python, or Java.Ability to speak and write... 통신·모바일·게임>응용프로그래머> Python|인터넷·IT·통신·모바일·게임...",Posted7일 전
https://kr.indeed.com/viewjob?jk=7b091681f7106dcd,Head of Technical Writing,서울,Sendbird,,"following languages; Objective-C, Java, Swift, JavaScript, and Python ABOUT SENDBIRD Sendbird... world's leading chat...",Posted2일 전
https://kr.indeed.com/viewjob?jk=b574f1454ae36aab,Cross Border Ecommerce - Business Intelligence (Based in Seo...,서울,Shopee,,business analyst related roles Proficient in SQL and Python Strong analytical skill and sensitivity to data Strong oral...,Posted30+일 전
https://kr.indeed.com/viewjob?jk=63fe23c48e8befdf,대기업 계열 자동차 전장회사 AI/DX 전문가 (연구위원),서울 강서구,풀림,,통신·모바일·게임>빅데이터·AI(인공지능)>빅데이터|인터넷·IT·통신·모바일·게임>빅데이터·AI(인공지능)> Python|인터넷·IT·통신·모바일·게임>빅데이터·AI(인공지능)>머신러닝|인터넷·IT·통신·모바일·게임>빅데이터...,Posted30+일 전
https://kr.indeed.com/viewjob?jk=2f218efc7f8e3e59,[대기업] 데이터 엔지니어 (BI 개발) 과차장급,서울,에이치알니즈,,"또는 기타 Public Cloud 환경에서의 데이터 운영, 개발 경험( Python) -근무지 : 서울연 봉 : 협의 (현 연봉 + @)-* 담당자... 인터넷·IT·통신·모바일·게임>빅데이터·AI(인공지능)> Python",Posted30+일 전
https://kr.indeed.com/viewjob?jk=3cd339cf8959f44d,생명정보학 부문 박사졸 선임연구원 정규직 정규직,서울 서대문구,카이팜,"연봉 50,000,000원 - 60,000,000원","- Python or R 활용가능 -Linux terminal 능숙 -생물학... 생명정보학, 생물정보학-외국어: 영어 회화가능,독해가능,작문가능- Python or R 활용가능- Linux terminal 능숙- 생물학 기초 수강...",Posted30+일 전
https://kr.indeed.com/viewjob?jk=449af19ea7ca3db5,[TmaxAI/R&D] AI & FinTech 부문 프론트엔드 개발자(2022년 상반기 신입 공채(Front...,성남 분당구,티맥스소프트,,"전산관련 전공 - 반응형 디자인, 웹 접근성, 웹 표준을 고려한 UI 개발 경험이 있는 분 - Node.js, Python, PHP와 같은 다양한 언어 및 프레임워크 경험이 있는 분 - 테스트 및 배포 자동화 경험이 있는 분...",Posted8일 전
https://kr.indeed.com/viewjob?jk=21ba056946e5abdf,"Solutions Architect - AMAZON Web Services, Korea",서울,Amazon Web Services Korea LLC,,"languages... Ruby, Python and Node... 현대 개발 언어에 대한 실무적 지식: 루비 (Ruby), 파이썬 ( Python), Node.js 등 · 개발자 및 IT 운영자 대상의 신기술 전파에...",Posted30+일 전
https://kr.indeed.com/viewjob?jk=74ef43a1bda57e7d,Data Analyst - Korea,서울 강남구,MOLOCO,,probabilities Comfortable with SQL and Excel; experience with R/ Python is a plus. Experience working with data visualization...,Posted24일 전
https://kr.indeed.com/viewjob?jk=b2eb1fe78ff9ee5f,[대기업] 데이터분석가 경력 (대리~과장급 2명),서울,에이치알니즈,,"경력5년 이상-통계분석과 Machine Learning알고리즘에 대한 기본지식 보유-SQL, SAS, R, Python 중2개 이상의 분석도구에 대한 기본 이해-현상에 대한 문제인식과 적극적인 문제해결의지-통계적 수치에 대한...",Posted30+일 전
https://kr.indeed.com/viewjob?jk=ad07d6a330fb619a,NHN Cloud 운영 및 기술지원,성남 판교역,NHN,,"Linux, Microsoft Solutions 등) - 2년 이상의 개발 경험 (Java, Python 등) - 기술 문서 작성 및 가이드 경험이 풍부한 자 - 대외 고객 기술 지원 경험 - Windows...",Posted30+일 전
https://kr.indeed.com/viewjob?jk=ec28b4a12fadf567,BigData 개발 및 운영 담당 영입,성남 분당구,카카오페이증권,,빅데이터·AI(인공지능)>빅데이터|인터넷·IT·통신·모바일·게임>빅데이터·AI(인공지능)> Python|인터넷·IT·통신·모바일·게임>ERP·시스템분석·설계>빅데이터|인터넷·IT·통신·모바일·게임>응용프로그래머> Python,Posted19일 전
https://kr.indeed.com/viewjob?jk=a0dda478567db352,"(주)트윔 개발자(경력직) 빅데이터,영상처리,머신비전/AI 딥러닝",경기도 화성,트윔,,"자기주도적으로 진행한 경험 - Python/C/C++ 능통자 - 데이터... RNN 등 딥러닝 이론 및 알고리즘 유경험자 - C/C++, Java, Python/TensorFlow/Caffe 사용가능자 - Matlab/R 분석...",Posted30+일 전
https://kr.indeed.com/viewjob?jk=34f22fafb415ec3c,Data Analyst,서울 영등포구,뱅크샐러드,,"가지신 분 Business Intelligence 시스템 및 비즈니스 리포팅 툴의 활용 능력 프로그래밍 언어( Python/R, etc)를 활용하여 데이터 분석이 가능하신 분 더 나은 데이터 기반 서비스를 만들기 위해 동료들과...",Posted30+일 전
https://kr.indeed.com/viewjob?jk=ba6a0ebb6ad9cd18,IT 인프라 운영 도구 개발,성남 판교역,NHN,,"모니터링 시스템 Web 개발 - 경력 4년 이상 - Linux 환경(LAMP) 경력 3년 이상 - Python, Django, Javascript, PHP 경험 - 다양한 Front-end 프레임 워크 사용 경험...",Posted30+일 전
https://kr.indeed.com/viewjob?jk=9d2eee513761aded,DB Engineer 모집,성남 판교역,카카오,,"분 원활한 커뮤니케이션이 가능하신 분 [우대사항] 대용량 DBMS 운영 경험이 있는 분 Golang, Python, Java등으로 API 기반 서비스 개발이 가능한 분 React, Vue.js 등 프론트개발 경험이 있으신...",Posted17일 전
https://kr.indeed.com/viewjob?jk=ea87946886c8b0ad,Customer Solutions Engineer globalClient and AgencySolutions,서울 강남구,구글코리아,,"general purpose programming language (e.g., Java, C/C++, Python).Ability to speak and write in English and Korean fluently...",Posted21일 전
https://kr.indeed.com/viewjob?jk=3e96bc531d76390a,가우스랩스 Computer Vision & Image Processing Applied Scientist,서울특별시,가우스랩스,,"실무 경험 보유. 생산적이고 건강한 조직 문화를 만들고자 하는 의지. 우대 영어 의사소통 능력. Python, C++ 등 프로그래밍 언어 및 PyTorch, Tensorflow 등 딥러닝 툴 전문 활용 가능. 영입...",Posted7일 전
https://kr.indeed.com/viewjob?jk=6cfffc13b8a012c3,Product Test Engineer,서울,NVIDIA,,"Knowledge of Compute Language in either C++/C or VB, Python is preferred.. Good command of oral and written English. Good...",Posted16일 전
https://kr.indeed.com/viewjob?jk=b6eea437d4af95fd,[더블유게임즈 자회사] 기획/디자인/개발/데이터분석,서울 강남구,더블다운인터액티브,,터넷·IT·통신·모바일·게임>응용프로그래머>JAVA|인터넷·IT·통신·모바일·게임>응용프로그래머>C#|인터넷·IT·통신·모바일·게임>응용프로그래머>Objective-C|인터넷·IT·통신·모바일·게임>응용프로그래머> Python,Posted30+일 전
https://kr.indeed.com/viewjob?jk=c3f8b11f7635fc0f,자동차 전장 SW Engineering 분야 전문가,서울 강서구,LG전자,,"시스템, 릴리즈 관리, 변경 관리 경험 3년 이상 - Yocto, Android 등 개발 환경 - C/C++, Python, Git, Gerrit, CMake, Make 등 - 컨테이너, 클라우드 기반의 빌드 환경 ﻿구축...",Posted3일 전
https://kr.indeed.com/viewjob?jk=db4a5711c648bf69,Cloud Architect - Cloud Native,서울,Oracle,,"expertise in one or more software languages... Java, Python, Go, JavaScript, C++ or similar. Desirable Experience...",Posted30+일 전
https://kr.indeed.com/viewjob?jk=40de6a4b81f8724f,[전문연구요원 신규편입/전직] 의료영상/음성인식/생체신호 연구원,서울 서초구,뷰노코리아,,인공지능)>텍스트마이닝|인터넷·IT·통신·모바일·게임>빅데이터·AI(인공지능)>인공지능(AI)|인터넷·IT·통신·모바일·게임>빅데이터·AI(인공지능)> Python|인터넷·IT·통신·모바일·게임>빅데이터·AI(인공지능)>딥러닝,Posted30+일 전
https://kr.indeed.com/viewjob?jk=c0574107a4de85c1,로데슈바르즈코리아 연구소 개발자,서울 강남구,로데 슈바르즈 코리아,,"소프트웨어 개발 혹은 시스템 통합 경험을 보유하신 분으로 경력 1년 ~ 3년ㆍ프로그래밍 언어 C/C++, Pythonㆍ적극적으로 동료들과 소통하고 책임감이 있는 분ㆍ새로운 기술 습득에 열정이 있으신 분ㆍ비지니스 수준의 영어...",Posted30+일 전
https://kr.indeed.com/viewjob?jk=109c5533ffdaaa84,[DB금융투자] 2021년 하반기 신입사원 모집,서울 대치동,DB그룹,,"개선, 신규 서비스 기획 등 프로젝트 진행 전공 제한없음 ※ JAVA, Objective-C/Swift, Python 등 기술보유자 우대... 금융관련 자격증 보유자 우대 ※ 영어 능통자 우대 0명 서울 (여의도...",Posted30+일 전
https://kr.indeed.com/viewjob?jk=ef98c82fd130b9e1,AI 연구 개발,성남 판교역,NHN,,"관련 배경지식 보유자 - Python, C, C++ 개발 경험... 개발 경력 2년 이상 - 머신러닝 프로젝트 또는 백그라운드 보유 - Python, C, C++ 개발 경험 - Pytorch, Tensorflow...",Posted1일 전
https://kr.indeed.com/viewjob?jk=e01c02615f0268fa,"Software Engineer, Data Platform",서울,Sendbird,,"learning products in Python, Java, Scala... several programming languages... Python, Java, or Scala Strong analytic skills...",Posted30+일 전
https://kr.indeed.com/viewjob?jk=699290df1b545c5d,아비커스 경력 및 신입사원,서울,아비커스,,"경험 - 프로그래밍 (C/C , Python 등) 기술 - CUDA 프로그... 율주행, 드론 및 로보틱스 관련 개발 경험 - 프로그래밍 (C/C , Python 등) 기술 주요업무 - 자율운항기술 개발을 위한 제어 알고리즘/시뮬...",Posted27일 전
https://kr.indeed.com/viewjob?jk=6d389529bece608b,자동차 전장 Security 분야 전문가,서울 강서구,LG전자,,식에 대한 이해 - Linux 사용 경험 보유 (1년 이상) - Shell Scripting 제작 또는 Python Programming 경험 2. 우대사항 - SDL (Security Development Lifecycle...,Posted3일 전
https://kr.indeed.com/viewjob?jk=51d1df9a3cfbe418,(주)엘솔루 R&D본부 ASR팀 개발직,서울,㈜엘솔루,,"제공 [필수사항] ㆍ프로그래밍에 재능 및 열정이 있는 자 ㆍJava, Python 중 하나 이상의 언어사용자 ㆍWeb 개발능력 ㆍ리눅스 사용 경험자... 머신러닝(ML)|인터넷·IT·통신·모바일·게임>응용프로그래머> Python",Posted30+일 전
https://kr.indeed.com/viewjob?jk=dd1466e89a1e87b0,Cloud Solution Architect,서울,Oracle,,"etc. Shell Script, Python or Java Script... development languages... Java and Python Development and operation experience...",Posted30+일 전
https://kr.indeed.com/viewjob?jk=c41af20fbf0580eb,Solutions Architect,서울,Snowflake,,"experience with C/C++ or Java Scripting experience with Python, Ruby, Perl, Bash. Ability and flexibility to travel to work...",Posted15일 전
https://kr.indeed.com/viewjob?jk=c4145dce440c02f8,[전문연구요원 신규편입/전직] SW Engineer/Backend/Frontend 개발자,서울 서초구,뷰노코리아,,백엔드|인터넷·IT·통신·모바일·게임>웹프로그래머>프론트엔드|인터넷·IT·통신·모바일·게임>웹프로그래머> Python|인터넷·IT·통신·모바일·게임>응용프로그래머>Linux|인터넷·IT·통신·모바일·게임>응용프로그래머>인공지능...,Posted30+일 전
https://kr.indeed.com/viewjob?jk=04d685fc70b67d4e,Linux/Python/PHP/MySQL/백엔드 정규직 경력,용인 보정동,일루미나리안,,"보유 - DBMS(MySQL or MariaDB), scripting Language: bash, python, OOP 언어 중 가능자 - Back-End 서버를 개발해 보신 분 [우대사항] - Go(aka GoLang...",Posted30+일 전
https://kr.indeed.com/viewjob?jk=de4846ca13ae739e,"Graduate Software Engineer, Linux-based development",서울,Canonical - Jobs,,"you apply here. Our primary software engineering stack is Python, Golang, React, Rust and Kubernetes... course we touch...",Posted5일 전
https://kr.indeed.com/viewjob?jk=8c8c96a3ffac77f8,데이터 엔지니어 경력 정규직,서울 중구,아이디케이스퀘어드,"연봉 60,000,000원 - 70,000,000원","Redshift, Snowflake 등) 설계, 개발, 운영 경험• Python/R/dbt, Kafka/Airflow 등을 사용하여 데이터 전처리를... 게임>빅데이터·AI(인공지능)> Python|인터넷·IT·통신·모바일·게임...",Posted30+일 전
https://kr.indeed.com/viewjob?jk=3b0b25d7cdb97839,TikTok Content Strategy Manager,서울,TikTok,,"skills in data analysis, being familiar with SQL, Python and other data processing tools is preferred. 3. Strong logical mind...",Posted30+일 전
https://kr.indeed.com/viewjob?jk=e5b0e8c7af5a51ab,"[TmaxMetaverse/R&D] 게임 엔진, 게임 서버, 메타버스 스튜디오 개발자 (2022년 상반기 신...",성남 분당구,티맥스소프트,,"유경험자 - 리액트 기반 개발 유경험자 [주 사용 언어] - C++, C# - Java Script - Python - Spring, React - HTML [지원 시 참고 사항] - 기술, 경험, 지식 등이 상세히 담긴...",Posted8일 전
https://kr.indeed.com/viewjob?jk=a155db68ada3a73f,"광학솔루션사업부 경력사원 (생산/공술,제조,설비,SCM)",경기도 파주,LG이노텍,,"dispensing, Vision/Function test) 우대 - 제어 부문 : C+, C++, C#, Python 등 프로그래밍 언어 사용 능숙자 우대 - 외국어 역량 우수자 우대 (TS 150점 이상, OPIC IH...",Posted9일 전
https://kr.indeed.com/viewjob?jk=309dbeab00e5c986,(주)테크로스 2022년도 신입/경력 (부산/화성),부산 강서구,테크로스,,그래머> Python|인터넷·IT·통신·모바일·게임>응용프로그래머> Python|인터넷·IT·통신·모바일·게임>응용프로그래머>Visual C++(MFC·ATL)|인터넷·IT·통신·모바일·게임>빅데이터·AI(인공지능)> Python...,Posted9일 전
https://kr.indeed.com/viewjob?jk=6d4fbb79bc9dcd07,Cloud Solution Engineer,서울,Oracle,,"타 오라클 제품과 오라클 데이터베이스 연동 경험 - 어플리케이션 개발 경험 : Java, Node.js, Python 등 - DB 마이그레이션 경험 - 타 클라우드 DB 서비스(AWS, Azure, GCP 등) 경험...",Posted30+일 전
https://kr.indeed.com/viewjob?jk=16bef2be27515eef,경영지원부문 신입사원 채용,서울 평동,DL이앤씨,,"수학 · 응용통계학 · 컴퓨터공학 · 산업공학 ※ SQL, R 또는 Python 프로그래밍 가능자 IT기획 컴퓨터공학 · 정보통신학· 데이터학... 공학 · 컴퓨터공학 ※ R 또는 Python 프로그래밍 가능자 플랜트구매...",Posted18일 전
https://kr.indeed.com/viewjob?jk=5331de34a85a125a,[코그넥스] 딥러닝 연구원 (신입/경력/전문연구요원),서울 서초구,코그넥스코리아,,"network 등) - Deep Learning 방법론에 대한 데모 프로그램 제작 및 제품화 코드 작성 ( Python / C++) - 다양한 종류의 제조업 이미지 데이터에 대한 탐색, 분석 및 전처리 모듈 구현 - 최신...",Posted30+일 전
https://kr.indeed.com/viewjob?jk=8ecedf5f94e80b3b,[TmaxOS/R&D] OS부문 개발자(2022년 상반기 신입 공채(Frontier 8기) 및 경력직),성남 분당구,티맥스소프트,,CD 개발 운영 [주 사용 언어] - C/C++ - JavaScript/TypeScript - Java - Python 자격요건 - 4년제 대졸(학사) 이상 / 기졸업자 또는 22년 8월 졸업 예정자 - 컴퓨터 및 전산관련...,Posted8일 전
https://kr.indeed.com/viewjob?jk=5dd25746d945e947,빅데이터분석 담당자 in 자원순환 모바일 앱 스타트업,서울 성동구,그레이프 파트너즈,,AI(인공지능)>빅데이터|인터넷·IT·통신·모바일·게임>빅데이터·AI(인공지능)>데이터분석|인터넷·IT·통신·모바일·게임>빅데이터·AI(인공지능)> Python|인터넷·IT·통신·모바일·게임>빅데이터·AI(인공지능)>자연어처리,Posted30+일 전
https://kr.indeed.com/viewjob?jk=613e8260c0a33e9d,[NAVER Cloud] 빅데이터 분석 플랫폼 엔지니어,성남 분당구,네이버클라우드,,게임>응용프로그래머>JAVA|인터넷·IT·통신·모바일·게임>응용프로그래머> Python|인터넷·IT·통신·모바일·게임>빅데이터·AI(인공지능)> Python|인터넷·IT·통신·모바일·게임>빅데이터·AI(인공지능)>빅데이터|인터넷...,Posted27일 전
https://kr.indeed.com/viewjob?jk=61538ab2446879df,채권운용팀 직원 (기한연장),대한민국,멀티에셋자산운용,,"MMF, 시가펀드 등) - 금융자격증(공인회계사, CFA 등) - 경제, 통계, 수학 등 계량 분석 ( Python, R, VBA)에 대한 학업을 수행한 자 - 영어, MS Office 등에 능통한 자 - ESG 관련 기업...",Posted3일 전
https://kr.indeed.com/viewjob?jk=45b22fa764b0dae9,"빅데이터, 인공지능(AI) 외 신입 인턴",서울 종로구,레드테이블,"월급 2,000,000원",AI(인공지능)>인공지능(AI)|인터넷·IT·통신·모바일·게임>빅데이터·AI(인공지능)>데이터분석|인터넷·IT·통신·모바일·게임>빅데이터·AI(인공지능)> Python|인터넷·IT·통신·모바일·게임>빅데이터·AI(인공지능)>R,Posted11일 전
https://kr.indeed.com/viewjob?jk=e34c06d01e1f387e,[NAVER Cloud] 리눅스 배포판 개발,성남 분당구,네이버클라우드,,"[역할]리눅스 OS 배포판 제작 업무- 리눅스 배포판 관련 소스 분석- C , Python 등을 이용하여 소스 분석 및 수정- 빌드 시스템 및 버그질라 시스템... 통신·모바일·게임>응용프로그래머> Python|인터넷·IT·통신·모바일·게임...",Posted27일 전
https://kr.indeed.com/viewjob?jk=112db0c64f7899b8,[한국필립모리스] 각 부문,서울 영등포구,한국필립모리스㈜,,통신·모바일·게임>웹프로그래머> Python|인터넷·IT·통신·모바일·게임... 용프로그래머>자바스크립트|인터넷·IT·통신·모바일·게임>응용프로그래머> Python|인터넷·IT·통신·모바일·게임>시스템프로그래머>펌웨어·어셈블러|인터...,Posted7일 전
https://kr.indeed.com/viewjob?jk=62dd9658c5554aff,KAIST 문술미래전략대학(김형준 교수 연구실) 위촉연구원 채용 공고,대전 유성구,카이스트,,수도 있음 . 2 모집분야 직무내용 모집분야 주요업무 전산 및 응용수학 - 통합 데이터 분석 프레임워크 개발 ( Python 혹은 Julia 이용 ) - 기후 데이터 가시화 프레임워크 개발 (Front-end 혹은 Full...,Posted14일 전
https://kr.indeed.com/viewjob?jk=7417ac528f0197f0,Software Developer & Verification,서울,Ericsson,,"Programming Language and skillset: Java(preferred), C++, Python, CI Environment, Shell Script Native Korean and business...",Posted20일 전
https://kr.indeed.com/viewjob?jk=9bbfde6355ca2d7a,당근마켓 전 직군,서울 서초구,당근마켓,,C·C++|인터넷·IT·통신·모바일·게임>응용프로그래머>JAVA|인터넷·IT·통신·모바일·게임>응용프로그래머> Python|인터넷·IT·통신·모바일·게임>응용프로그래머>자바스크립트|인터넷·IT·통신·모바일·게임>응용프로그래머...,Posted30+일 전
https://kr.indeed.com/viewjob?jk=3a96682f2758e494,2022년 경력직 (제2022-2차),서울 금천구,한국건설생활환경시험연구원,,관련학과 (자격) 학위취득이후 전력설비 및 제어 & 에너지효율화 부문 연구개발 경력 1년 이상 (자격) python 등 프로그래밍 및 소프트웨어 알고리즘개발 유경력자 전자·기계·기술·화학·연구개발>섬유·화학>화학|전자·기계...,Posted7일 전
https://kr.indeed.com/viewjob?jk=79fb95da6dff4025,하반기 신입(채용 연계형 인턴) 수시채용,서울 마곡동,홈앤쇼핑,,"Python, R, 기타 코딩 능력 보유자 또는 통계 분석에 대한 기초 지식 보유자 중 1개 해당자 우대사항 · 통계 분석에 대한 기초 지식 보유자 · 기초 프로그래밍 코딩 구현 능력 보유자 ( Python or R...",Posted30+일 전
https://kr.indeed.com/viewjob?jk=a8dd956d30f8e45f,[SPC GFS] 2022 각 부문 신입/경력사원,성남 중원구,에스피씨지에프에스,,인터넷·IT·통신·모바일·게임>응용프로그래머>자바스크립트|인터넷·IT·통신·모바일·게임>응용프로그래머> Python|인터넷·IT·통신·모바일·게임>통신·모바일>스마트폰 어플리케이션(App)|인터넷·IT·통신·모바일·게임>통신...,Posted1일 전
https://kr.indeed.com/viewjob?jk=b01ea7a6f3b38982,[NAVER Z] 데이터 엔지니어,성남 분당구,네이버제트,,"경력 3년 이상- Scala/Java/ Python, Spark, Kafka... 통신·모바일·게임>응용프로그래머> Python|인터넷·IT·통신·모바일·게임>빅데이터·AI(인공지능)> Python|인터넷·IT·통신·모바일·게임>빅데이...",Posted11일 전
https://kr.indeed.com/viewjob?jk=1fd963b87d62d30a,한화시스템/방산 2021년 한화시스템 방산부문 신사업분야 경력사원,성남 분당구,한화시스템,,시스템개발자|인터넷·IT·통신·모바일·게임>빅데이터·AI(인공지능)> Python|전자·기계·기술·화학·연구개발>연구원·연구개발>전기·전자|전자·기계... 그래머>C·C++|인터넷·IT·통신·모바일·게임>응용프로그래머> Python,Posted30+일 전
https://kr.indeed.com/viewjob?jk=71c47ac87bb4087e,기술 인턴 인공지능 응용 연구/개발 인턴,서울 관악구,써로마인드로보틱스,,"6개월) (협의) *모집 절차: 서류 à인터뷰(오프라인) *지원 자격: 프로그래밍 언어 활용 능력: Python, C, C++ 중 1가지 이상 데이터구조, 알고리즘 과목 이수 머신러닝과 딥러닝의 기본 개념 이해 머신러닝...",Posted30+일 전
https://kr.indeed.com/viewjob?jk=733b814969bff5a7,Jr. Back-end Engineer (Python),서울 강남구,Soomgo,,"이런 분을 찾아요 2년 이상의 Python을 활용한 백엔드 개발 업무를 수행한 경험이 있으신 분 Django, Django Rest Framework, Flask 등의 Python web framework를 사용하여...",Posted30+일 전
https://kr.indeed.com/viewjob?jk=d34c6bcf82ac024e,[한국조선해양] '22년 빅데이터 AI 담당자,성남 분당구,현대중공업그룹,,"보유자 · 영상 및 이미지 기반 머신러닝 기술 개발 경험 · 데이터 분석 서비스 개발 및 툴 활용 경험( Python, R, Java 등) · 머신 러닝 및 딥러닝 이해 및 활용 - 영어 성적 보유 (TOEIC-Speaking...",Posted2일 전
https://kr.indeed.com/viewjob?jk=c35e0100a6fa97dd,각 부문별,서울 강남구,현대오토에버,,응용프로그래머>클라우드|인터넷·IT·통신·모바일·게임>응용프로그래머> Python|인터넷·IT·통신·모바일·게임>웹프로그래머>JAVA|인터넷·IT·통신... 게임>빅데이터·AI(인공지능)> Python|인터넷·IT·통신·모바일·게임...,Posted17일 전
https://kr.indeed.com/viewjob?jk=12f94257204952e1,모바일 운영서비스 빌드/배포/테스트 자동화 개발자,서울 마포구,브롤브,,"와 같은 컨테이너 기반 기술 이해 및 경험- 리눅스 환경에 대한 경험- 기본 스크립트 언어 경험 : Python / Bash / Perl 등- 지속적 통합 (Jenkins, Fastlane) 이해 및 경험- 소스형상관리...",Posted7일 전
https://kr.indeed.com/viewjob?jk=f955daa479297f09,인공지능(AI) 개발자 신입/경력 정규직,서울 강남구,애드,,"Detection, Classification, Recognition 등 영상 분석 알고리즘 개발 경험• Python 또는 C++ 경험• 정부과제 연구개발 경험[우대사항]• 채용시 동종업계 최고 대우 • 최적화, 경량화 등...",Posted7일 전
https://kr.indeed.com/viewjob?jk=6a056c1771ae56b8,Data Engineer & Scientist,서울 영등포구,LG전자,,"리즘에 대한 깊은 이해 - Data integrity, data governance 에 대한 이해 - Python Data & Analytics 라이브러리 경험 (NLTK, Spacy, Scikit-Learn, PyTorch...",Posted17일 전
https://kr.indeed.com/viewjob?jk=f4ec03cd95647453,AI Research Engineer Intern,서울,Intel,,optimization strategies - Programming skills with Python/C++ - Experience working with one or more deep learning frameworks...,Posted27일 전
https://kr.indeed.com/viewjob?jk=f8691758f74c5242,Support Engineer- Developer,서울,Microsoft,,"developing with Chatbot, Linux, Apache, Java, Node, Python, PHP, or Ruby - Knowledge and experiences of cloud services (Azure...",Posted30+일 전
https://kr.indeed.com/viewjob?jk=c7706f6a726a90bc,2022-1회 인지 및 사회성 연구단 연구직 및 연구기술직,대전,기초과학연구원,,"용일 기준) - 전공 : 인지신경과학, 심리학, 뇌인지과학, 전기전자컴퓨터공학 - 우대사항: Matlab, Python 프로그래밍 및 데이터 분석 유경험자 ㅇ 인원: 1명 ㅁ (분야8) ㅇ 세부분야: 모성 애착 형성과 사회...",Posted3일 전
https://kr.indeed.com/viewjob?jk=e30fe92d72ceb17c,"자율 주행, 로봇 SW 개발자",성남 수정구,에바,,"(주)에바 모집부문 및 자격요건 모집부문 담당업무 자격요건 인원 자율주행 SW 엔지니어 Python응용SW [담당업무]ROS 개발, 로봇 주행 알고리즘 개발, SW Optimization[근무부서 및 직급/직책]근무부서: 개발팀...",Posted14일 전
https://kr.indeed.com/viewjob?jk=14d562d10c215572,"PHP, Python 신입/경력 정규직",서울 금천구,비즈부스터,,"주식회사 비즈부스터 PHP, Python 개발자 채용 모집부문 및 자격요건 담당업무 자격요건 인원 [담당업무]*당사의 서비스(비즈탑) 솔루션 및 서비... 프로그래머>PHP |인터넷·IT·통신·모바일·게임>웹프로그래머> Python",Posted30+일 전
https://kr.indeed.com/viewjob?jk=b3ba8c24ccc0e74e,[TmaxOS/R&D] OS부문 개발자(2022년 상반기 신입 공채(Frontier 8기) 및 경력직 ),성남 분당구,티맥스그룹,,C++|인터넷·IT·통신·모바일·게임>응용프로그래머>JAVA|인터넷·IT·통신·모바일·게임>응용프로그래머> Python|인터넷·IT·통신·모바일·게임>응용프로그래머>자바스크립트|인터넷·IT·통신·모바일·게임>웹프로그래머>백엔드...,Posted7일 전
https://kr.indeed.com/viewjob?jk=51df90967b46e8f0,[외국계 스타트업 미소] Business Analyst,서울,유한회사 미소,,통신·모바일·게임>빅데이터·AI(인공지능)>데이터분석|인터넷·IT·통신·모바일·게임>빅데이터·AI(인공지능)> Python|인터넷·IT·통신·모바일·게임>데이터베이스·DBA>MySQL|인터넷·IT·통신·모바일·게임>데이터베이스...,Posted30+일 전
https://kr.indeed.com/viewjob?jk=12f3c94eaa1f8b78,Chip & Circut 분야 연계형 인턴,서울 서초구,LG전자,,"자만 체크해주시기 바랍니다. 필요역량 - 소프트웨어 구조 설계 및 구현, 검증과 SW 코딩 역량 : C/C++/ Python/JAVA 프로그래밍 등 - 아날로그 회로 이해 및 반도체 설계 툴 사용, 음성/오디오 신호 처리 이해...",Posted13일 전
https://kr.indeed.com/viewjob?jk=e5dfdd5145462c7c,[KSTEC] 통계/Analytics 신입 및 경력사원,성남 분당구,지식시스템,,"지능화 (의사결정 자동화) 시스템 개발 (SPSS, SAS, R, Python, Java 기반)2. 기업용 데이터과학 & 인공지능 플랫폼 솔루션3... 게임>빅데이터·AI(인공지능)> Python|인터넷·IT·통신·모바일·게임...",Posted20일 전
https://kr.indeed.com/viewjob?jk=c793a3ef3425f495,빅데이터 분석 기술인력 (정규직),서울 강남구,한국정보기술단,,"담당업무]데이터 분석 분야 ( Python, R, SAS 기반의 DATA... BIG DATA 프로젝트 경험자, PL/PM 경력자 우대, R 또는 Python 활용가능한 경력자전공계열: 전산학, 컴퓨터공학, 수학, 응용소프트웨어...",Posted30+일 전
https://kr.indeed.com/viewjob?jk=0eef103f5381365d,CX Consulting Engineer (DC/Automation),서울,Cisco Systems,,"LAN, WAN, Data Center and related security technologies. Python, Ansible, and related automation toolset practical experience...",Posted1일 전
https://kr.indeed.com/viewjob?jk=397a412559c606fa,"Charging Operations Specialist, APAC Charging (English Speak...",서울,Tesla,,"Data science experience including coding/scripting skills ( Python/Ruby/JS/Perl... plus. Collaborative, team oriented...",Posted30+일 전
https://kr.indeed.com/viewjob?jk=5ea9ea023c6ccc03,"S/W 엔지니어, 데이터분석 신입/경력 정규직, 인턴",성남 분당구,가치랩스,,"케이션 제작 및 유지보수 업무- Python, Golang, QT 중 선택... 2. 시스템프로그래머- Python, Golang, QT 중 선택 가능3. 영상데이터 분석 및 모델링- python기반 영상데이터 분석 및 모델링...",Posted30+일 전
https://kr.indeed.com/viewjob?jk=d3a80f6251c8d2ce,AI Frameworks Engineer Intern,서울,Intel,,Basic knowledge of deep learning technologies Programming with Python or Shell script Education Students who are currently...,Posted오늘
https://kr.indeed.com/viewjob?jk=b6f149c5d6b60323,"Analyst - Environmental, Social and Governance (12 months co...",서울,McKinsey & Company,,"ESG) Experience and training in data analytics tools like Python, Alteryx, Tableau, Excel or other analytical platforms...",Posted19일 전
https://kr.indeed.com/viewjob?jk=31085d2eafca1fb6,"KAIST 지속발전센터 연구원 모집 공고 [연수연구원, 위촉연구원] 서울캠퍼스(홍릉)",대전 유성구,카이스트,,"부여 ( 과목별 만점의 10% 또는 5%) - 에너지 / 환경 / 경제 관련 연구 , 프로그래밍 (R, Python, GAMS 등 ), 통계분석 경험자 우대 - 에너지 - 환경 통합평가모형을 활용한 연구 유경험자 우대 결격사...",Posted11일 전
https://kr.indeed.com/viewjob?jk=bab0eaf4530c8380,2022년 1월 경력사원 (품질),청주 오창읍,LG에너지솔루션,,"경력 - 프로그래밍 언어(R, Python, Visual Basic 등... 년 이상 - Embedded SW 개발 (C, C++) 실무 경력 - Python 활용 Big Data 분석 및 수치 해석 경험 우대사항 - BMS...",Posted13일 전
https://kr.indeed.com/viewjob?jk=7143ba7b6c69f7a4,"2022년 상반기 딥러닝, 사업기획 신입/경력 정규직, 인턴",성남 수정구,시티아이랩,,모바일·게임>빅데이터·AI(인공지능)>인공지능(AI)|인터넷·IT·통신·모바일·게임>빅데이터·AI(인공지능)> Python|인터넷·IT·통신·모바일·게임>빅데이터·AI(인공지능)>머신러닝|인터넷·IT·통신·모바일·게임>빅데이터...,Posted17일 전
https://kr.indeed.com/viewjob?jk=4490eb4cee00caaa,2022년 상반기 신입/경력 공개,성남 분당구,윈스,,게임>네트워크·서버·보안>보안솔루션|인터넷·IT·통신·모바일·게임>웹프로그래머>HTML·DHTML·mHTML|인터넷·IT·통신·모바일·게임>응용프로그래머>Linux|인터넷·IT·통신·모바일·게임>응용프로그래머> Python,Posted7일 전
https://kr.indeed.com/viewjob?jk=f2abe214044a2314,"딥러닝, 사업기획 신입/경력 정규직, 인턴",성남 수정구,시티아이랩,,모바일·게임>빅데이터·AI(인공지능)>인공지능(AI)|인터넷·IT·통신·모바일·게임>빅데이터·AI(인공지능)> Python|인터넷·IT·통신·모바일·게임>빅데이터·AI(인공지능)>머신러닝|인터넷·IT·통신·모바일·게임>빅데이터...,Posted23일 전
https://kr.indeed.com/viewjob?jk=016de9bb83a8032d,JR0186078 AI Research Engineer Intern,서울,인텔코리아,,"architectures, and optimization strategiesProgramming skills with Python/C++Experience working with one or more deep learning...",Posted30+일 전
https://kr.indeed.com/viewjob?jk=8cc372a6b78679b1,"인공지능(AI), Python(응용프로그램 개발자) 외 신입/경력 정규직",서울 성북구,쿠노소프트,"연봉 25,000,000원 - 30,000,000원","(주)쿠노소프트 인공지능(AI), Python 외 신입/경력 정규직 채용... 래머>인공지능(AI)|인터넷·IT·통신·모바일·게임>응용프로그래머> Python|인터넷·IT·통신·모바일·게임>응용프로그래머>Visual C++(MFC...",Posted30+일 전
https://kr.indeed.com/viewjob?jk=cae2de07045cfb2b,"Java, Python 영상툴 개발자",서울 마곡동,에이아이메이커,,원하면 가능) 담당업무 - 영상 라벨링 Tool 개발 - Tool 정확성 개선 자격요건 - Java - Python 우대사항 - 관련 개발 경력 - 툴개발 경력 근무조건 - 월~금 AM9:30 ~ PM18:30 복지...,Posted30+일 전
https://kr.indeed.com/viewjob?jk=da9b34d987d05d7e,경력사원 공개,대한민국,현대로보틱스,,"이상, 경력 3년 이상 -전자/전기/컴퓨터 전공 우대 -C＋＋고급개발자(프로젝트 리드경험 보유) -기본적인 Python, 웹 앱 개발 경험자 -디자인패턴, 클린아키텍처에 숙련된 설계자 -Agile 방법론, SW 개발 조직...",Posted11일 전
https://kr.indeed.com/viewjob?jk=df21e3bb5d773616,Python Programmer,서울 서초구,Mofac,,개발 – JAVA 프로그래밍(라이브러리 활용) – Spring 프레임 워크 개발 – Python API 프로그래밍 우대사항 – Python 개발 경험 – Open Source 라이브러리 개발경험 – Web 표준에 대한 경험...,Posted30+일 전
https://kr.indeed.com/viewjob?jk=4d6366a69e32d9a9,Metaverse 서비스 Graphics 개발자,서울 중구,에스케이텔레콤,,플랫폼(VM)|인터넷·IT·통신·모바일·게임>응용프로그래머>C#|인터넷·IT·통신·모바일·게임>응용프로그래머> Python|인터넷·IT·통신·모바일·게임>게임(Game)>게임 기획|인터넷·IT·통신·모바일·게임>게임(Game...,Posted1일 전
https://kr.indeed.com/viewjob?jk=f8af01e159a4ec71,사물인터넷(IoT) 개발자,경기도 파주,큐빅스,,통신·모바일·게임>시스템프로그래머>임베디드(Embedded)|인터넷·IT·통신·모바일·게임>응용프로그래머> Python|인터넷·IT·통신·모바일·게임>소프트웨어·하드웨어>하드웨어|인터넷·IT·통신·모바일·게임>소프트웨어·하드웨...,Posted2일 전
https://kr.indeed.com/viewjob?jk=d7e5f9d0302e78e2,"[대기업] 딥러닝 (AI, 영상인식) 전문가 (석박사급)",서울,비에이블컨설팅그룹,,공지능)>딥러닝|인터넷·IT·통신·모바일·게임>빅데이터·AI(인공지능)> Python|인터넷·IT·통신·모바일·게임>빅데이터·AI(인공지능)>데이터분석... 통신·모바일·게임>응용프로그래머> Python|인터넷·IT·통신·모바일·게임...,Posted7일 전
https://kr.indeed.com/viewjob?jk=2e1cdadc743d5a7d,데이터 분석 및 검색/추천 서비스 기획 경력사원,서울특별시,LG유플러스,,"무관 - 직무경험 1. 데이터 분석 ① 응용통계/BigQuery/Cloud SQL 모니터링 및 최적화 가능, Python 로그 확인 및 에러 대응 관련 경험 ② OTT, 유료방송 등 미디어 사업 또는 온라인 쇼핑몰, 플랫폼...",Posted오늘
https://kr.indeed.com/viewjob?jk=e05251e6eecfa255,5G R&D 소프트웨어 개발자,서울,Ericsson,,"Erlang, Java, Python Domain experience... 프로그래밍 언어: C, C++ (필수) / Erlang, Java, Python(우대) 기술 분야: 라디오 엑세스 네트워크, 5G NR, LTE...",Posted14일 전
https://kr.indeed.com/viewjob?jk=c7d52aeb22295927,데이터표준품질부문 경력직 (정규직),서울 강남구,한국정보기술단,,데이터분석|인터넷·IT·통신·모바일·게임>빅데이터·AI(인공지능)> Python|인터넷·IT·통신·모바일·게임>빅데이터·AI(인공지능)>R|인터넷... DBA>MySQL|인터넷·IT·통신·모바일·게임>응용프로그래머> Python,Posted30+일 전
https://kr.indeed.com/viewjob?jk=6fa6b82e8b261430,2022년 1월 경력사원 (설비기술),청주 오창읍,LG에너지솔루션,,"개선을 위한 알고리즘 개발 필수사항 - 관련 업무 경력 10년 이상 - Data 분석 및 SW 설계 경력 ( Python, R, Spotfire, C++ 등) - 실시간 데어터 분석/처리/시각화 역량 우대사항 - 빅데이터 분석...",Posted13일 전
https://kr.indeed.com/viewjob?jk=2c9ffcc9fd90342d,Looking for Developer with Python language for NFT Generator,서울•원격 근무,Ino Partners,,"Hello! We are STEA team, a startup creating NFT marketplace and NFT launchpad! One of our features will include a NFT...",Employer11일 전 활성화됨
https://kr.indeed.com/viewjob?jk=5399a1e7606f553c,2022년 1월 경력사원 (MI/경영전략/서비스신사업/투자/DX),서울 영등포구,LG에너지솔루션,,Big Data 분석 관련 업무 경력 10년 이상 보유 - AI / Data Science를 위한 언어(R/ Python) 활용 능력 보유 - 데이터 분석 업무 및 DX 과제 수행 경험 보유 . 통계 / 데이터마이닝 / 딥러닝...,Posted14일 전
https://kr.indeed.com/viewjob?jk=eff6d38d4767ff87,Software Engineer,서울,Boston Consulting Group,,"parallel computing TECHNOLOGIES: Languages programming: Python, GO, C++, Java, Scala, JavaScript, TypeScript DevOps: Docker...",Posted30+일 전
https://kr.indeed.com/viewjob?jk=8d05eb89c3dfb9f3,IT/AI 개발 팀원/팀장,서울 용산구,제이로고스,,(주)제이로고스 IT/AI 개발 팀원/팀장을 모집합니다. 모집부문 및 자격요건 담당업무 자격요건 인원 ﻿JAVA / Python 프로그래머 경력사항: 경력(연차무관) 학력사항: 대학교(4년)졸업 이상 0 명 근무조건 고용형태: 정규직...,Posted30+일 전
https://kr.indeed.com/viewjob?jk=f7bcab2e4a6349c9,"DynamoDB Solutions Architect , World Wide Specialists, Datab...",서울,Amazon Web Services Korea LLC,,"development experience using languages... Java, Python, Go, and Node.js · Experience with relational databases, data...",Posted30+일 전
https://kr.indeed.com/viewjob?jk=ac9068957c550cb3,데이터 전문가(모델러/분석가/엔지니어) 모집,성남 판교역,카카오,,대용량 데이터를 효율적으로 사용하기 위한 기반 데이터 가공 지원자격 데이터 사이언스를 위한 언어(R/ Python/Scala) 및 도구(scikit-learn/Spark MLlib/Tensorflow/Pytorch 등)를...,Posted30+일 전
https://kr.indeed.com/viewjob?jk=e44a6678f361ff46,Machine Learning Consultant (A.I. Marketing Technology),서울,Appier,,online A/B testing problem. Fluency with scripting ( Python/etc). Enthusiasm to frame and solve real-world problems...,Posted4일 전
https://kr.indeed.com/viewjob?jk=0aa851392317eb07,AI SW 개발 경력사원 채용,서울,한화그룹,,"및 개선 할 수 있는 역량 보유자 프로그래밍에 대한 실무역량 보유자(TensorFlow,PyTorch, Python,C++등) [우대요건] Vision 또는 NLP 기술을 활용하여 프로젝트 및 솔루션 개발 경험자 0명...",Posted11일 전
https://kr.indeed.com/viewjob?jk=b3a6c83c9debcb92,네이버 파이낸셜 플랫폼 운영,성남 삼평동,NIT Service,,"Docker(kubernetes) 및 어플리케이션 배포 전략 지식 보유 - Shell script, python 및 web framework 등 기타 프로그래밍 언어 활용 가능 - 국가보훈대상자 및 장애인은 법령에 의거...",Posted30+일 전
https://kr.indeed.com/viewjob?jk=d158e683dc0b7500,파이썬 개발자 초중급 이상,서울 서초구,데이터앤솔루션,,전형 접수방법 채용시 접수방법: 인크루트 채용시스템 접수양식: 인크루트 이력서 기타 유의사항 입사지원서 및 제출서류에 허위사실이 있을 경우 채용이 취소될 수 있습니다. 인터넷·IT·통신·모바일·게임>응용프로그래머> Python,Posted30+일 전
https://kr.indeed.com/viewjob?jk=ea23e376c32ece8b,Data Scientist (KOREA),충청북도 청주,No deviation Pte Ltd,,"data visualization Experience using tools... SAS JMP, Python, Matlab, KNIME, and SIMCA Experience with developing...",Posted16일 전
https://kr.indeed.com/viewjob?jk=1748baa27965fdbf,"MVP 개발 엔지니어(서버, 웹프론트) (정규직, 계약직, 프리랜서)",대전 중구,더테스터,,1년 이상의 서버 개발 경험 · 아래 옵션 중 하나의 기술 스택 사용 - JAVA기반의 Spring - Python 기반의 Django - Ruby 기반의 Rails 우대사항 · 팀단위로 프로젝트를 수주해본 적 있는...,Posted30+일 전
https://kr.indeed.com/viewjob?jk=45ef50c3481fd92f,[신용리스크모델링 Intern] 개인 신용평가모형 개발 및 운영직(채용 연계형),성남 삼평동,카카오뱅크,,"Learning을 비롯한 최신 통계모형을 활용하여 신용평가모형을 개발하고 운영합니다. SAS, SQL, Python, R 등을 활용한 데이터 분석 능력이 필요하며, 데이터 분석 대회에서 입상한 분, 통계/수학/산업공학/상경계...",Posted16일 전
https://kr.indeed.com/viewjob?jk=8c32b5db8ab28c7d,"[광고 추천] 데이터 과학자, 기계학습(머신러닝) 전문가 모집",성남 판교역,카카오,,"학습(머신러닝), 딥러닝에 관한 지식과 경험이 풍부한 분 하나 이상의 프로그래밍 언어에 능통한 분 (예, Python, R, Java, Scala, C/C++, Golang 등) 단, 주니어는 기계학습 기초 지식과 개발 역량...",Posted30+일 전
https://kr.indeed.com/viewjob?jk=7d77a8921825346c,OPWI SW Engineer for R&D Extension Korea,경기도 화성,Applied Materials Inc.,,"engineer with C, C++, C#, Java, MATLAB, SQL data base, Python, Excel Macro, etc. c. Experience in multidisciplinary...",Posted30+일 전
https://kr.indeed.com/viewjob?jk=705f1a36a7fafed3,은행 정보계 DW 시스템 담당자,서울 중학동,케이뱅크은행,,MySQL 등) 대용량 쿼리 개발/튜닝 경험을 보유하신 분 - SW 개발 능력을 보유하신 분(Java/ Python 등) 우대사항 - 은행 정보계 시스템(DW/규제/회계/리스크) 운영 경험을 보유하신 분 - 시각화/분석...,Posted30+일 전
https://kr.indeed.com/viewjob?jk=0f64df7d8e0af92f,OPWI Systems Engineer for R&D Extension Korea,경기도 화성,Applied Materials Inc.,,"Capability & programing experience with MATLAB, Python, etc. Qualifications Education: Master's Degree Skills...",Posted24일 전
https://kr.indeed.com/viewjob?jk=919f3e5da2efbc55,머신러닝/딥러닝 모델 기반 음성인식 서비스 백엔드 개발자,서울 구로구,프렌즈몬,,통신·모바일·게임>웹프로그래머> Python|인터넷·IT·통신·모바일·게임... 공지능)> Python|인터넷·IT·통신·모바일·게임>빅데이터·AI(인공지능)>인공지능(AI)|인터넷·IT·통신·모바일·게임>응용프로그래머> Python,Posted30+일 전
https://kr.indeed.com/viewjob?jk=5b015b9613812d9d,Customer Data Analyst,서울,Motion2AI,,"긴밀하게 협업하고 데이터 기반 확장 가능한 서비스 모듈 추가 및 성능 향상에 기여합니다. 필수 조건 Python (pandas, numpy), R, SQL... VBA 사용에 익숙함 물류 프로세스 분석 및 설계...",Posted30+일 전
https://kr.indeed.com/viewjob?jk=3ee36bdc09e03808,Korea - Site Reliability Engineering Lead,서울,Nike,,"other modern enterprise languages (functional or other -Scala, Python, Golang, etc.) is preferred • Understanding of DNS...",Posted30+일 전
https://kr.indeed.com/viewjob?jk=bec33b19427238a4,(주)작당모의 앱 개발자,서울 서초구,작당모의,,"1. 백엔드 개발 1년이상, OOP/Function Language 개발 가능, AWS 개발 경험 등 2. Python Django 개발, Nodejs React 개발, MySQL 개발 경험 등 3. React Native...",Posted30+일 전
https://kr.indeed.com/viewjob?jk=844a7d20e4e15362,Associate Integration Engineer,서울,SS&C Technologies,,shell scripting or programming languages... Perl/ Python/VBScript/Java/JavaScript/C++/C Fluent English Team spirit...,Posted16일 전
https://kr.indeed.com/viewjob?jk=669120083179019e,Senior Data Analyst - Korea,서울 강남구,MOLOCO,,probabilities Comfortable with SQL and Excel; experience with R/ Python is a plus. Experience working with data visualization...,Posted4일 전
https://kr.indeed.com/viewjob?jk=0dba56f52e1b7dcf,2022년 상반기 정보보안 엔지니어 - 취약점 파트,서울 금천구,인섹시큐리티,,"Top 10에 대한 설명과 구현/조치 가능 국내 컴플라이언스 대응 경험 (주요정보통신기반시설 가이드 등) Python 활용자 Kali 및 Metasploit 경험자-군필자, 경력자, 관련 학과 졸업자 우대 * 자격요건과 우대...",Posted12일 전
https://kr.indeed.com/viewjob?jk=94f5a1ceb5273e21,비학위과정 AI엔지니어링 교육생,대구 서구,한국폴리텍대학대구캠퍼스,,인터넷·IT·통신·모바일·게임>빅데이터·AI(인공지능)> Python|인터넷·IT·통신·모바일·게임>빅데이터·AI(인공지능)>인공지능(AI)|인터넷·IT·통신·모바일·게임>빅데이터·AI(인공지능)>빅데이터|인터넷·IT·통신...,Posted21일 전
https://kr.indeed.com/viewjob?jk=3e7b756ca8ec169f,가상화 엔지니어 정규직,서울 서초구,다원커리어,"연봉 40,000,000원 - 50,000,000원",DM/NV 등) 우대사항 1) 정보처리산업기사 이상의 자격을 보유하신 분 2) PowerShell/Bash/ Python 등 System Script 경험이 있는 분 기타정보 1) 삼성전자 반도체 사업장 VMware 가상화...,Posted30+일 전
https://kr.indeed.com/viewjob?jk=d7527395199fd664,Consulting Engineer (Full Time) - Korea,서울,Cisco Systems,,"experience in Linux and programming languages like Python, Java , JavaScript etc. • Strong communication and collaboration...",Posted30+일 전
https://kr.indeed.com/viewjob?jk=dc74730c92ce5050,Data Scientist,서울 영등포구,뱅크샐러드,,"기반 예측, 모델링 프로젝트 경험자 데이터 분석/모델링을 위한 언어 및 프레임워크 사용에 익숙하신 분 ( Python, R, SQL, Pandas, TensorFlow, Pytorch, Spark 등) 회사 내부 구성원들과...",Posted30+일 전
https://kr.indeed.com/viewjob?jk=666116a1d19e7cac,Cloud Support Engineer - Deployment,서울,Amazon Web Services Korea LLC,,"One or more scripting language (e.g. Bash, PowerShell, Ruby, Python, ebextensions) · Networking protocols... HTTP, DNS...",Posted30+일 전
https://kr.indeed.com/viewjob?jk=c5c6ebe82bf299da,[전액무료] IT취업 JAVA기반 프론트엔드&백엔드 개발 국비교육생,서울 종로구,에이콘아카데미,,통신·모바일·게임>웹프로그래머> Python|인터넷·IT·통신·모바일·게임... 데이터분석|인터넷·IT·통신·모바일·게임>빅데이터·AI(인공지능)> Python|인터넷·IT·통신·모바일·게임>빅데이터·AI(인공지능)>머신러닝|인터넷...,Posted30+일 전
https://kr.indeed.com/viewjob?jk=bb510267fe977bff,C++ Developer for High-Performance Cloud Database,서울,SAP,,"multi-thread programming • Experience in SQL, Python, Git • Experienced... development on Linux environment...",Posted1일 전
https://kr.indeed.com/viewjob?jk=35f0a25dee5f3312,딥러닝 알고리즘 및 응용 Engineer,성남 분당구,딥엑스,"연봉 40,000,000원 - 100,000,000원",모바일·게임>빅데이터·AI(인공지능)>인공지능(AI)|인터넷·IT·통신·모바일·게임>빅데이터·AI(인공지능)> Python|인터넷·IT·통신·모바일·게임>빅데이터·AI(인공지능)>머신러닝|인터넷·IT·통신·모바일·게임>빅데이터...,Posted30+일 전
https://kr.indeed.com/viewjob?jk=3914b6f3e8f672ff,[IQVIA] Data Scientist (Clinical Plan Analyst/대리),서울 중구,아이큐비아,,"an accurate country, site or enrollment strategy. [자격요건]• R/ Python/Pyspark 등의 programming language를 사용한 data 분석 경험 1년 이상의 경력자...",Posted14일 전
https://kr.indeed.com/viewjob?jk=5c6fe384fabdbd45,서버 백 엔드 개발자,서울 마포구,셀메이트,,작성되어 있어 이를 PHP기반 Laravel프레임워크로리팩토링 중입니다. 새로운 서비스 개발에는 PHP와 Python등을 활용합니다. 담당업무 - 백엔드 서버 API개발 - Legacy 코드 유지보수 / 리팩토링 - 내부...,Posted30+일 전
https://kr.indeed.com/viewjob?jk=e5aa725f930d6b32,Data Engineer,서울 강남구,뤼이드,,"년 이상의 데이터 엔지니어 업무 경험이 있는 분특정 프로그래밍 언어( Python, Scala, Kotlin, Go, ...)를 능숙하게 사용하시는 분... 통신·모바일·게임>웹프로그래머> Python|인터넷·IT·통신·모바일·게임...",Posted3일 전
https://kr.indeed.com/viewjob?jk=ef83fe4e6441cae1,Data Scientist (IBM Client Engineering),서울,IBM,,"derive meaningful data insights (e.g., Python, R, Spark, TensorFlow, Jupyter, etc... language... Python or R Preferred...",Posted30+일 전
https://kr.indeed.com/viewjob?jk=9f0ce22eee4259bb,"교육 기획/운영, 시스템 기획",서울 성동구,매직에코,"연봉 32,000,000원 - 36,000,000원","Science, Data Science, AI, Algorithm, Python 등... 데이터 분석, 인공지능, 프로그래밍 언어) 교육에 관심... AI, Algorithm, Python 등)• IT(데이터 분석, 인공지능...",Posted30+일 전
https://kr.indeed.com/viewjob?jk=472a566764a39530,챗봇 개발자,서울 마포구,에스알유니버스,"연봉 30,000,000원 - 35,000,000원","경력사항: 신입, 경력(연차무관)학력사항: 대학교(4년)졸업직무기술: Python, 자연어처리(NLP), 인공지능 챗봇, 인공지능 (AI), 인공지능... 게임>빅데이터·AI(인공지능)> Python|인터넷·IT·통신·모바일·게임...",Posted24일 전
https://kr.indeed.com/viewjob?jk=75d3dcc0d2c3f37f,Tier-3 Support Engineer,서울,Cybereason,,"2 years Proven experience with Linux, Windows, Bash and Python Prior hands-on work with cloud environments (AWS/GCP/Oracle...",Posted29일 전
https://kr.indeed.com/viewjob?jk=ce00cf0fe3bbd130,[실내배송로봇 연구개발] - Computer Vision & Machine learning,서울 강서구,로보티즈,,개발 경험- C / C++ or Python 이해 및 개발 능숙[우대사항... Object pose estimation개발 경험- C / C++ or Python 이해 및 개발 능숙[우대사항]- CUDA 프로그래밍 개발 경험...,Posted22일 전
https://kr.indeed.com/viewjob?jk=1973de0152f80756,CDN / Cloud 서비스 매니저 사원,서울 강남구,씨디네트웍스,,"스템 경험 TCP / IP 프로토콜, DNS, HTTP 프로토콜에 대한 지식 보유 강력한 Linux 기술 Python / Shell 프로그래밍을 사용하여 작업을 자동화하고 도구를 개발하는 기능 HTML, Java Script...",Posted30+일 전
https://kr.indeed.com/viewjob?jk=beb5a41079b3df10,[신사업부문] 클라우드 솔루션스 아키텍트 경력채용 (대리 ~ 사원급),서울,한화그룹,,"Web Service, Naver Cloud, Google Cloud Platform 등 - Shell, Python, Java 등 전형 절차 전형일정 서류접수 실무면접 임원면접 처우협의 및 입사 (채용신체검사 포함...",Posted3일 전
https://kr.indeed.com/viewjob?jk=40feb5009f03b3f2,2. 인프라개발팀 백엔드 개발자,성남 분당구,카카오브이엑스 (KAKAO VX),,래머>백엔드|인터넷·IT·통신·모바일·게임>웹프로그래머>PHP |인터넷·IT·통신·모바일·게임>응용프로그래머> Python|인터넷·IT·통신·모바일·게임>응용프로그래머>Linux|인터넷·IT·통신·모바일·게임>ERP·시스템분석...,Posted22일 전
https://kr.indeed.com/viewjob?jk=180dac6dbe6afaed,NHN Cloud 머신러닝 연구 및 개발,성남 판교역,NHN,,"C++, Java, Python [머신러닝 서비스 개발] Job... TensorFlow, PyTorch - C++, Java, Python 공통지원자격 - 병역필 혹은 면제로 해외여행에 결격 사유가 없는 자...",Posted30+일 전
https://kr.indeed.com/viewjob?jk=9045d74109adfd81,CX Consulting Engineer,서울,Cisco Systems,,similar software engineering role. Preferred knowledge of Python and Ansible. Excellent written and verbal communication...,Posted30+일 전
https://kr.indeed.com/viewjob?jk=f28af5089e415287,HANA Development Support Engineer,서울,SAP,,"analyzing complex problems Optional skills Knowledge of Python/shell-Scripting, C/C++ Using C++-Debuggers (like GDB...",Posted1일 전
https://kr.indeed.com/viewjob?jk=2f209edc482fdad4,"Senior System Software Engineer, DRIVE OS and BSP",서울,NVIDIA,,"SoC architectures... chip components. Strong knowledge of C/C++/ Python, QNX... Linux OS. Understanding of CPU/GPU...",Posted30+일 전
https://kr.indeed.com/viewjob?jk=28b343c3943a7dca,"웹개발, 백엔드 외 경력 정규직",서울 성동구,핀후드,"연봉 35,000,000원 - 40,000,000원","요건]경력사항: 경력(1년 이상 3년 이하)학력사항: 학력무관직무기술: Python, django 1 명 근무조건 고용형태: 정규직근무부서: 개발팀급... 로그래머>프론트엔드|인터넷·IT·통신·모바일·게임>웹프로그래머> Python",Posted30+일 전
https://kr.indeed.com/viewjob?jk=56523d2ce6f8d860,NHN Cloud 인프라 서비스 개발,성남 판교역,NHN,,우대사항 - NHN Cloud에서 제공하는 다양한 인프라 서비스 개발 - C/C++ 또는 Java/ Python 개발 경력 5년 이상 - Linux 환경 개발자 - Openstack 개발 경험 - Container...,Posted30+일 전
https://kr.indeed.com/viewjob?jk=b96f47b94d8b88a4,Data Scientist 신입 채용,서울 역삼동,컬리,,"우순순위에 따른 다양한 모델 개발(ex: 수요예측, 추천/랭킹시스템, 가격최적화) 자격요건 • R/ Python 기반 로그성 데이터 분석과 모델 개발 경험이 있으신 분 • 통계학, 머신러닝 관련 내용을 이해하고 활용가능...",Posted30+일 전
https://kr.indeed.com/viewjob?jk=649ccf047c868778,"금융 데이터 분석 엔진, 로보어드바이저 개발자",서울 영등포구,에스비씨엔,,"시스템, 머신러닝, 자연어처리. 패턴분석 - 다음 언어에서 최소 한 가지 이상 능숙자: Java, C++, Python, JavaScript 우대사항 - 석사이상 컴퓨터공학 (Computer Science) 분야 또는...",Posted30+일 전
https://kr.indeed.com/viewjob?jk=3415a2ec10f41d98,[램플코딩학원] 온오프라인 코딩 강사,대전 서구,밸류에잇 벤처스,"시급 40,000원","우대사항]ㆍ전공계열: 공학계열(컴퓨터공학, 소프트웨어공학, 시스템공학)ㆍ자격증: 정보처리기사ㆍC언어, Python 가능자ㆍ아두이노 로봇 강의 가능자 우대ㆍ자격증반/대회반 교육 경력자 우대 00 명 근무조건 고용형태: 계약직...",Posted30+일 전
https://kr.indeed.com/viewjob?jk=6ec8d900a9ba226d,신입 및 경력직원 채용[금융컨설팅본부],서울 여의도,KIS채권평가,,"개발 및 유지보수 역량 ㆍ금융공학, 통계학, 금융수학 전공자로서 프로그래밍 가능자 (C/C++, VBA, Python 등) ㆍ관련 업무 유경험자 ㆍ금융컨설팅/프로젝트 ㆍ금융컨텐츠 리서치 ㆍ금융시스템구현 채용연계형 인턴...",Posted2일 전
https://kr.indeed.com/viewjob?jk=42d49f48c843544d,2022년 1월 경력사원 (제조지능화),청주 오창읍,LG에너지솔루션,,"경험 - 빅데이터/AI 경험(R, Python, SAS 등 분석 Tool... 구축 및 거버넌스 수립 - 분석솔루션(Spotfire, SAS, R, Python) 전파 필수사항 - 관련 업무 경력 5년 이상 - 분석 시스템 구축...",Posted13일 전
https://kr.indeed.com/viewjob?jk=8d99d6e1f6ce1bfe,RPA Consultant,서울,UiPath,,"object-oriented programming (C#, C++, VB, .NET, Java, or Python... least 2 years in hands-on UiPath implementation...",Posted30+일 전
https://kr.indeed.com/viewjob?jk=78526735d90a85b9,"Machine Learning - iOS Software Engineer,",서울,Apple,,"computer vision Python libraries... programming skills with proficiency in Python, Flask, iOS Dev tools, and GitHub...",Posted30+일 전
https://kr.indeed.com/viewjob?jk=2f56d4b70c1df086,하반기 인턴직 모집,서울 을지로2가,한솔그룹,,"지니어 (IT 인프라 관리/운영) 서버, 네트워크 Bash, Java, Python ① 학력 : 초대졸 이상 (2020년 2월 이후 졸업/졸업예정... JavaScript, VC++, Python) 한솔 PNS IT 부문...",Posted30+일 전
https://kr.indeed.com/viewjob?jk=ff27ef03ddc73690,Software Engineer,서울,Intel,,experience of deep learning frameworks Programming with Python or Shell script Experience in large-scale software projects...,Posted30+일 전
https://kr.indeed.com/viewjob?jk=3544467a7b64376f,[전문연구요원] 의료영상 리서치 엔지니어 정규직,서울 마포구,메디픽셀,,"학력무관직무기술: VISUALC++, 응용프로그래밍, C·C++, Python, AI개발 2 명 근무조건 고용형태: 정규직(수습기간3개월)근무부서... 머신러닝(ML)|인터넷·IT·통신·모바일·게임>응용프로그래머> Python",Posted30+일 전
https://kr.indeed.com/viewjob?jk=a2b34d4b943e564a,한국여성공학기술인협회 이공계 여성 R&D기반 예비창업 기초교육,서울 강남구,한국여성공학기술인협회,,통신·모바일·게임>빅데이터·AI(인공지능)>데이터분석|인터넷·IT·통신·모바일·게임>빅데이터·AI(인공지능)> Python|인터넷·IT·통신·모바일·게임>빅데이터·AI(인공지능)>머신러닝|인터넷·IT·통신·모바일·게임>빅데이터...,Posted11일 전
https://kr.indeed.com/viewjob?jk=0531cea7fd91199b,AWS Internship Program - Solutions Architect (January to Jun...,서울,Amazon Web Services Korea LLC,,"one... following programming languages: Java, Python, Ruby, Node.js, C#, or C++ · Experience with two or more...",Posted30+일 전
https://kr.indeed.com/viewjob?jk=bbbfbb33164df0e3,"Junior Software Engineer, Server Platform",서울,Sendbird,,"프라 위에 안정적이고 효율적인 서비스 설계 및 구축 핵심 자격요건 Python, Java, Kotlin, Go, C++ 등 서버 사이드 프로그래밍... Understanding of Python, Java, and Event...",Posted30+일 전
https://kr.indeed.com/viewjob?jk=e573e021debd6887,Associate Solutions Architect,서울,Amazon Web Services Korea LLC,,"languages... Ruby, Python and Node... 현대 개발 언어에 대한 실무적 지식: 루비 (Ruby), 파이썬 ( Python), Node.js 등 · 개발자 및 IT 운영자 대상의 신기술 전파에...",Posted1일 전
https://kr.indeed.com/viewjob?jk=b25a378d97c7a56c,AI 서비스/시스템 개발,성남 판교역,NHN,,"API 에 대한 이해가 높은 분 - Elasticsearch 사용 경험 - MSA 에 대한 이해 - Python, C, C++ 개발 경험 - Docker 및 Container Orchestration 의 이해 및 사용...",Posted오늘
https://kr.indeed.com/viewjob?jk=3a8003aa626ae7f6,웹 크롤링 경력직,서울 강서구,오피니언라이브,"연봉 35,000,000원 - 40,000,000원","<우대사항> - python, html 가능자 -컴퓨터 활용능력 우수자 -관련... 대학(2,3년)졸업 이상직무기술: 웹크롤링, 웹html, Python<우대사항>- python, html 가능자-컴퓨터 활용능력 우수자-관련 학과 전공...",Posted2일 전
https://kr.indeed.com/viewjob?jk=754be9e3d78fa802,2021년 상반기 R&D 개발자 (병역특례 가능/경력 무관),인천 연수구,네오스텍,,"담당업무: - 블루투스 메시 기반 위치 추적 솔루션 개발 - 상기 솔루션의 임베디드 펌웨어 개발 - C(필수), Python, Javascript 프로그래밍 언어 사용 - 기술 지원 [자격요건] 경력사항: 무관 (신입도 지원...",Posted30+일 전
https://kr.indeed.com/viewjob?jk=e7c8c2b11f24fb43,Software Engineer,서울,Google,,"languages, including... limited to: C++, Java, C and Python. Excellent written and verbal communication skills. About...",Posted30+일 전
https://kr.indeed.com/viewjob?jk=941687b6bbb14d81,웹 개발자 경력 Java/Php/Javascript/Python/Html/CSS 등 프로젝트 경력자,대전 서구,바이오브레인,"연봉 30,000,000원 - 35,000,000원","(주)바이오브레인 웹 개발자 경력 채용 모집부문 및 자격요건 담당업무 자격요건 인원 [담당업무] ㆍ웹 기반 프로젝트 개발 및 운영 [근무부서 및 직급/직책] 직급/직책: 대리 [자격요건] ㆍJava, Php...",Posted30+일 전
https://kr.indeed.com/viewjob?jk=9a566cd39fbd5b82,PDM사업 경력사원,서울 영등포구,한화시스템,,"Net, Node.js, Python 중 한개 이상 개발 경험[우대요건... 개발 알고리즘의 프로그래밍화 역량○ Python, R 등 분석 툴을 사용한 분석 프로그램 개발 경험 ( Python 우대)○ 솔루션 또는 플랫폼 개발...",Posted2일 전
https://kr.indeed.com/viewjob?jk=a87143dea0c8c6e4,Site Reliability Engineer - Korea,서울,MOLOCO,,"cloud platforms (i.e. AWS, Azure). Practical, proven knowledge of Python or other higher-level language (Go, Ruby, or similar...",Posted방금 게시됨
https://kr.indeed.com/viewjob?jk=3d1690b2dd2249f8,"[K디지털 트레이닝] 전액 국비지원 IT취업연계 교육 빅데이터, 인공지능",서울 마포구,중앙정보처리학원,,개발전문과정 인터넷·IT·통신·모바일·게임>웹프로그래머>JAVA|인터넷·IT·통신·모바일·게임>웹프로그래머> Python|인터넷·IT·통신·모바일·게임>빅데이터·AI(인공지능)>빅데이터|인터넷·IT·통신·모바일·게임>빅데이터...,Posted30+일 전
https://kr.indeed.com/viewjob?jk=44f16e94e3e6b589,"Staff Software Engineer, Maps & Navigation, Seoul, Korea",서울,Tesla,,"industry Fluency in English Proficient in one of C++, Python Experience writing and shipping customer-facing code High...",Posted30+일 전
https://kr.indeed.com/viewjob?jk=8f3ba3a550a308ee,"데이터 표준화, 통합 및 분석",서울 서초구,베니트글로벌,"월급 2,400,000원","TTE, 모델 선택, AI/ML 데이터 시각화 (R, Tableau, Biorender) 프로그래밍 언어 (R, Python, Matlab, Java) 유닉스/리눅스 환경 SQL, Hadoop Markup languages...",Posted1일 전
https://kr.indeed.com/viewjob?jk=a5e926e1d22cdc11,각 분야별 인재 Pool 등록,서울,지투알,,"자 - 데이터 분석 툴(Adobe Analytics 또는 Google Analytics) 유경험자 우대 - Python, R, SQL 역량 보유자 우대 - 데이터에 기반한 문제해결 능력 및 통계학적 지식 보유자 우대 - 담당...",Posted3일 전
https://kr.indeed.com/viewjob?jk=04c31e4f5c277f31,"Software Engineer, Robotics",서울,Bear Robotics,,"구하고 필요한 기능을 개발합니다. 차세대 로봇 플랫폼 개발에 필요한 선행 연구를 수행합니다. 자격 요건 Python 및 C++ 개발 경력 3년 이상 혹은 그에 준하는 실력을 갖추신 분 알고리즘, 자료구조, 운영체제에 대한...",Posted3일 전
https://kr.indeed.com/viewjob?jk=22d44a65a579f52a,광학솔루션사업부 R&D 신입 석/박사,경기도 안산,LG이노텍,,"microscopy - 프로그래밍 언어 사용 가능자 (Matlab, Python) [학력] - 석/박사 이상, 응용물리학/이공계열 전공자 [모집직무... 개발 경험자 우대(C/C++, Python, Matlab 등) - 제어...",Posted9일 전
https://kr.indeed.com/viewjob?jk=39b4c349f0d85ecc,Python Junior Backend Developer,서울,Dable,,"“글로벌 콘텐츠 디스커버리 플랫폼 데이블에 지원하세요~!” 데이블은 ‘사용자와 미디어, 콘텐츠를 연결하자’는 미션을 가진 콘텐츠 디스커버리 플랫폼입니다. 데이블은 2015년 네이버, NC소프트, SK플래닛 등에서 10년...",Posted2일 전
https://kr.indeed.com/viewjob?jk=a98286272ea4a436,(주)아이옵스 SAR 위성영상 활용 신입/경력,대전 유성구,아이옵스,,"SAR 영상처리 관련 과제 수행 경험자 ㆍ관련 프로그램 (Marlab, Python, C/C++등) 사용 가능자 0 명 근무조건 고용형태: 정규직급여... AI)|인터넷·IT·통신·모바일·게임>빅데이터·AI(인공지능)> Python",Posted3일 전
https://kr.indeed.com/viewjob?jk=53fbfe54f327d9dc,AI Software Engineer,경기도 성남,GE Appliances,,"TensorFlow 5+ years of programming experience in Python, C/C++ and MATLAB Experience working with other developers using Git...",Posted30+일 전
https://kr.indeed.com/viewjob?jk=87309d3ff40ead61,딥러닝 AI 개발 연구원,성남 수정구,베이리스,,시스템프로그래머>임베디드(Embedded)|인터넷·IT·통신·모바일·게임>응용프로그래머>C·C++|인터넷·IT·통신·모바일·게임>응용프로그래머>Linux|인터넷·IT·통신·모바일·게임>빅데이터·AI(인공지능)> Python,Posted30+일 전
https://kr.indeed.com/viewjob?jk=de52dca6c3f6a3ac,백엔드 신입/경력 정규직,서울 강남구,애드,,"경력사항: 신입, 경력(1년 이상 5년 이하)• 학력사항: 학력무관• 직무기술: MySQL, AWS, Python, PHP, SW, Node.js, github• Database 설계, 구축 경험이 있으신 분• Rest...",Posted7일 전
https://kr.indeed.com/viewjob?jk=d7e9da4d32399dfe,침해사고 분석/대응 및 보안장비 운영 담당자 모집,성남 판교역,카카오,,"최신 인프라에 대한 이해 (Docker, K8s, Hadoop, ElasticSearch, kafka 등) python 등을 이용한 업무 자동화 유경험자 EDR/백신 관리 유경험자 적극적이고 긍정적인 마인드 보유자 원활한...",Posted30+일 전
https://kr.indeed.com/viewjob?jk=3600e973f46b50f1,KAIST 문화기술연구소 비주얼미디어연구실(노준용 교수) 연수연구원 및 위촉연구원 모집 공고,대전 유성구,카이스트,,"및 비전 분야 박사 학위 소지자 - 컴퓨터 프로그래밍 가능자 (C++, Python 등 ) ※ 콘텐츠 제작 플랫폼 및 프로그램 개발을 위한 논문 구현... 퓨터 프로그래밍 가능자 (C++, Python 등 ) ※ 콘텐츠 제작 플랫...",Posted2일 전
https://kr.indeed.com/viewjob?jk=78d7329422e955ea,Applications Engineer (Monitoring Applications),서울,National Instruments,,"system, FPGA experience is a plus Text-Based Programming, C#, Python, etc.; Experiences... infrastructure, open source OS...",Posted오늘
https://kr.indeed.com/viewjob?jk=112566541738ad42,Software Developer 3,대한민국,Oracle,,"Experience task automation in scripting languages like shell, Python, JavaScript, TypeScript Boat load of passion & energy...",Posted30+일 전
https://kr.indeed.com/viewjob?jk=30e17a7d8ce9d4d4,Software Engineer,서울,UJET,,"writing optimal code... least one stack (Java, Go, Ruby, Python) Ability to work collaboratively and cross-functionally...",Posted30+일 전
https://kr.indeed.com/viewjob?jk=d0a8ab481bb3fa3c,11번가 데이터 아키텍처/데이터 엔지니어 분야,서울 중구,십일번가,,"MYSQL, ERD, 표준화 관리 Python, Kafka, MongoDB... 능숙하신 분개발자/기획자 인터뷰를 통한 설계 및 데이터 개발 가능자 Python, Java 를 통한 데이터 처리와 Batch Program 개발우대...",Posted7일 전
https://kr.indeed.com/viewjob?jk=e29bd57c416ee579,인재 Pool 등록,대한민국,S&I Corp.,,"5년 이상 (IT기획, 프로젝트 PM/PL, 개발경력 등) - 자격 : 컴퓨터 언어 활용능력 보유 (JAVA, PYTHON) : 데이터베이스(RDBMS) 활용능력 보유 - 우대사항 : IT 예산(HW,SW,인건비) 수립 경험...",Posted30+일 전
https://kr.indeed.com/viewjob?jk=f317eb960a3ce005,Product Engineer - MPC/MDP/MDM,경기도 성남,Siemens,,"experience... following: EDA with emphasis on semi OPC; C/C++, Python, TCL, MATLAB or any high-level programming language...",Posted15일 전
https://kr.indeed.com/viewjob?jk=872035f47cfd4850,자산운용팀 전략/리스크팀 퀀트(겨울방학 인턴),대한민국,마이퍼스트에셋자산운용,,공자의 경우 관련 과목 12학점 이상 이수 - Microsoft 엑셀 능숙자 선택 사항 (평가 가산점) - Python 또는 VBA 등 코딩 Skill 보유 - 관련 업종에서 2개월 이상 인턴쉽 또는 근무 경력 보유 - 관련...,Posted30일 전
https://kr.indeed.com/viewjob?jk=da9fa7139144081b,[클라우드플랫폼실] System Engineering팀 클라우드 엔지니어,서울 강남구,야놀자,,라우드|인터넷·IT·통신·모바일·게임>응용프로그래머>Linux|인터넷·IT·통신·모바일·게임>응용프로그래머> Python|인터넷·IT·통신·모바일·게임>통신·모바일>플랫폼(VM)|인터넷·IT·통신·모바일·게임>ERP·시스템분석...,Posted11일 전
https://kr.indeed.com/viewjob?jk=e623a027561bbeb3,Associate Software Engineers (Embedded Avionics systems - So...,서울,BOEING,,"support. Experience software verification in C++ or C or python or code coverage (LDRA) Demonstrated creative, critical...",Posted2일 전
https://kr.indeed.com/viewjob?jk=21d728ad0cbb21d3,2022년 HuStar 경북 혁신아카데미 4기 교육생,경상북도,경북테크노파크,,통신·모바일·게임>빅데이터·AI(인공지능)>데이터분석|인터넷·IT·통신·모바일·게임>빅데이터·AI(인공지능)> Python|인터넷·IT·통신·모바일·게임>빅데이터·AI(인공지능)>머신러닝|인터넷·IT·통신·모바일·게임>빅데이터...,Posted3일 전
https://kr.indeed.com/viewjob?jk=0b8954820c552c3b,Korea - Lead Data Analyst,서울,Nike,,"SQL •Basic experience with scripting languages... Shell, Python and source code control tools... GitHub •Experience...",Posted30+일 전
https://kr.indeed.com/viewjob?jk=413d20e82e567aff,모바일 게임 백엔드 프로그래머 신입/경력 정규직,서울 서초구,롸이트핸드 엔터테인먼트,,"영어 독해 가능자 우대합니다. Python, Jave, Ruby, Go... 기술: 서버·네트워크개발, 백엔드개발기타: 영어 독해 가능자 우대합니다. Python, Jave, Ruby, Go, Node.Js , C# 중 한 가지...",Posted10일 전
https://kr.indeed.com/viewjob?jk=ccd4f5407a32ba6a,Data Scientist,서울,Boston Consulting Group,,"analysis a plus, Programming... scripting exp.: eg. Python, C#, VBA, Java, Perl, etc. Experience in applied analytics...",Posted30+일 전
https://kr.indeed.com/viewjob?jk=aee1c996cddcbb2e,AI Research Engineer,서울,Intel,,"PyTorch, and Caffe Strong programming skills with C/C++ and Python Experiences in programming and testing on Linux...",Posted30+일 전
https://kr.indeed.com/viewjob?jk=1bb3ad92965d09e9,Network Engineer (Linux/Python),경기도 화성,KLA,,Company Overview KLA is a global leader in diversified electronics... semiconductor manufacturing ecosystem. Virtually...,Posted29일 전
https://kr.indeed.com/viewjob?jk=9f91ece4e66ef5a9,소프트웨어개발자(정규직) 신입/경력 정규직 병역특례전문요원가능업체,인천 연수구,지브레인,,인공지능)> Python|인터넷·IT·통신·모바일·게임>빅데이터·AI(인공지능)>신경회로망연구원|인터넷·IT·통신·모바일·게임>전산·IT기술지원>S/W 엔지니어|인터넷·IT·통신·모바일·게임>응용프로그래머> Python|인터넷...,Posted7일 전
https://kr.indeed.com/viewjob?jk=21598fa78d383d6f,[Search팀] 백엔드 개발자,서울 강남구,야놀자,,바탕 인터넷·IT·통신·모바일·게임>웹프로그래머>백엔드|인터넷·IT·통신·모바일·게임>응용프로그래머>JAVA|인터넷·IT·통신·모바일·게임>응용프로그래머> Python|인터넷·IT·통신·모바일·게임>응용프로그래머>C·C++,Posted11일 전
https://kr.indeed.com/viewjob?jk=8af26b37623864c4,8퍼센트 개발자 (신입/경력),서울 종로구,8퍼센트,,개발 금융 데이터 분석과 분석 플랫폼 운영 자격요건 컴퓨터 전공자 또는 웹 개발 경력 1년 이상 우대사항 Python 코드를 무리 없이 읽으실 수 있는 분 Linux/Mac 사용 가능한 분 새로운 기술에 대한 호기심을 가지신...,Posted30+일 전
